origin,destination,count
AMM,FCO,115
SVQ,BARAJ,1
DEL,CAN,424
MCI,SJU,6
MDK,FIH,1
ARN,ALC,12
GSP,STL,8
YYJ,SEA,4474
MEL,TAO,1
CAN,TPE,386
DXB,MXP,1574
FWA,SFB,7
NGO,YNT,10
RIO,JFK,2
EWR,HAN,2
PHX,ASE,9
LAS,BOS,11957
ORY,SYD,1
LNK,IND,2
DEN,LBB,2780
AKL,HOU,1
KBL,MZR,54
BOD,LIL,281
TSE,SVO,284
ORK,DUB,11
TPS,PNL,2
BRA,BSB,15
SDQ,MCO,465
LUX,LYS,43
LED,TLV,471
HAK,FOC,1
LAX,BHD,1
TUL,SPI,8
GVA,BFS,9
RUH,CPT,1
TPE,YNT,5
OSL,TLV,1
TIA,FCO,264
WAW,MAN,1
TBU,SUV,8
MAB,BSB,58
MQX,AXU,1
PVR,SAN,54
ORD,GRB,20153
MAD,LON,2
BHY,CSX,3
DFW,PSC,4
PTY,LIR,27
ZIH,PHX,8
HOB,MCI,1
BDL,ATL,58109
TKQ,DAR,9
LGW,LGR,1
RHO,TXL,2
SJO,MEM,5
HEL,NRT,581
SDQ,JFK,2175
GVA,MVD,1
HAJ,CPH,603
LAX,ITO,517
TPA,CUN,11
MSP,GDL,7
VVI,ORD,1
AAE,MRS,7
CGN,MIA,22
SFO,MYR,1
HOG,YOW,7
DLG,KMO,9
ROM,GVA,7
CDG,QXG,4
KLX,DUS,1
DPL,MNL,2
MDL,CNX,2
XIY,HRB,8
BQU,BGI,4
CHI,SAT,1
ALG,BLJ,3
WMI,EMA,7
EMA,EGC,1
TIX,ORL,1
FLL,CTG,451
SEA,GVA,3
SHE,NTG,2
AUA,AMS,33
SLC,VNY,1
PMI,BHD,1
IST,BKK,452
AZA,GSO,1
CHI,MKE,1
PDX,MAF,1
AMS,CPH,12594
CHO,PHX,7
LAX,CVG,11441
BSB,PVH,122
PHX,BUD,8
BRS,NOC,3
UIO,ORD,1
SEA,NRT,13955
YLT,YIF,1
IKT,SVO,174
DAR,LAX,1
TLS,MRS,440
SLC,GTF,4150
SCL,SYD,755
HKG,KWL,24
MAN,RZE,2
ELP,SNA,8
MSP,FAR,28884
MXP,PEK,44
OKC,HOU,12501
STN,SAW,143
KRS,BGO,66
MCI,PDX,3290
RIC,BHM,3
MDW,LSE,3
YEA,PHL,1
MSP,LSE,8786
AGS,CLT,11431
JFK,EGE,613
ROC,MDT,1
SAN,PER,1
sfo,sea,1
MZT,LAP,11
ITO,SFO,1
CCU,GOP,1
CMH,BHM,5
YXU,ORD,313
CGH,IOS,89
IND,SAN,37
SAN,FAT,3528
IAH,MNL,2
DAL,MSP,392
RAK,MAN,5
UNN,DMK,5
XIZ,CDG,16
DTW,ACY,104
MNL,MCO,3
TEL,LHR,1
CGP,AUH,1
SAW,JED,5
SMF,AUS,81
LEX,ORF,1
MBL,SUA,2
EGC,SOU,6
SOF,SVO,93
FCO,RIX,14
MUC,MAD,3504
LAN,ARB,3
GVA,LBA,44
MBJ,BOS,39
PVG,XIC,5
BOS,PTK,2
OAK,FLL,54
OSL,CHQ,4
QXZ,INN,10
EWR,ORD,166411
MEM,ORD,30812
WMI,SNN,4
PRG,ORY,35
LBA,GCI,1
IST,ZRH,678
GVA,WAW,880
AZA,GTF,2
CGN,AKS,1
PSP,JAX,1
TUN,CGN,3
TXL,PMI,67
CHA,DFW,6786
LAX,ESB,1
PVG,YKH,16
HIR,INU,23
JDF,CGH,1
SMO,CLD,5
CWA,AUS,2
CHI,PVR,1
CPH,PSA,11
STR,TFS,2
AUH,BNE,403
CTG,ATL,385
TUS,OMA,3
KUL,DEL,506
LGB,MSP,6
ANZ,MAN,1
HND,KKJ,120
CDG,AMS,14962
HOB,DFW,1
KNX,PER,153
ULM,GRB,1
EWR,EYW,129
HRE,BLZ,18
SVO,NRT,98
PTY,CCS,1640
ZDT,ZKH,1
IST,TLL,50
DUB,CDG,9504
OVD,AGP,9
SFB,CID,28
PDX,HIO,3
BRS,LYS,1
FKB,TXL,595
NGB,CSX,2
HNL,PDX,3017
YQR,CUN,2
WUX,XIY,27
YEK,YRT,67
WAS,ILG,1
BCN,ORY,4266
CPH,LAX,182
CSX,XMN,32
CLJ,DWC,1
LGW,CDG,1569
WLG,HLZ,213
GVA,SAO,4
YPY,YMM,32
BRI,FCO,2139
XLJ,XAX,6
SFN,DFW,1
KRR,LED,6
SJU,LGW,65
QAR,AMS,1
LAS,GVA,2
SSG,FRA,81
DTW,MBJ,23
MYR,MSP,2
FKB,MLA,2
CMH,BUR,45
XNA,ATW,1
CDG,SAN,11
CCU,NYC,1
PIT,MYR,5
PHX,PTY,16
LAX,KTM,2
FNC,OPO,106
BOS,YOW,2689
TAO,SJW,7
DLA,JNB,10
EUG,SFO,7881
EDI,FCO,43
SZX,AUS,1
SAW,MLX,10
MSP,LNZ,1
KUL,DAD,6
OUA,IST,41
LHR,DFW,37674
GLA,LAS,2
GDL,MDW,43
MCO,KEF,196
BENGA,BOM,1
ORY,PSA,28
VCE,BSL,31
MDW,OMA,21755
DXB,PRG,668
MUC,RZE,460
DEL,LKO,1276
DUS,BEG,62
AYT,ADA,2
ABQ,OMA,24
ORK,MUC,90
SGU,DEN,2003
SAN,ORD,60527
KMJ,NRT,61
SOU,LON,1
LHR,PAR,3
MCO,ABQ,313
DLU,CTU,10
XEG,YBZ,58
ARN,RIX,248
HYD,IXE,6
YYZ,SYD,259
YTY,XMN,1
MZR,IST,82
ZRH,NYC,9
AUS,CAN,2
HKG,HKG,9
PAR,ZRH,1
NAS,PLS,21
SFO,AKL,3684
RIC,PLS,1
JTY,LRS,1
MCI,DSM,1
BGI,MIA,3028
GZO,HIR,8
DOH,LHR,4857
BHX,GIB,10
IND,IAD,14330
LEJ,BER,1
AIT,RAR,2
AGA,CMN,178
ATL,JNU,2
PUJ,CDG,58
LON,PEK,1
URC,CAN,16
VIE,MCO,1
SDR,LIS,1
AAR,STN,73
FRA,GRU,1434
ALC,EDI,11
MPL,LGW,176
CLT,HPN,12479
GOT,NCE,1
NRT,DUS,256
UTP,KUL,1
LAX,LSC,1
PHX,RIX,1
LHR,LHE,10
IST,IST,2
YYY,YQB,36
DRW,GTE,52
SJU,ABQ,1
KUL,CCU,31
COO,CMN,41
BRU,BCN,2327
ZUH,KWE,5
MSO,FLL,1
OLB,MXP,18
CGN,XXX,1
NRT,GMP,1
SEL,GVA,4
LIN,CDG,8700
NDG,PEK,9
DUS,CTA,27
EOH,AXM,6
JFK,SEA,60382
SVQ,TLS,25
GDN,RYG,1
CGN,GOA,6
TIJ,HMO,1659
GSO,BWI,1
KTA,PER,41335
HOU,AUA,8
OSL,IAH,2
CLE,CLE,356
BWI,AUS,7073
VPY,MPM,17
ORD,SLC,46404
JFK,BUD,1
Thess,Athèn,1
JAN,La Au,1
LAX,MEL,14661
GIB,BRS,24
PRG,LPL,12
CAN,LJG,2
MSY,IND,117
OAK,EWR,8
STI,SJU,147
MCI,CMH,457
JAN,LAX,2
PMF,CAG,2
SEA,PHL,17744
DME,GOJ,89
TRN,CDG,2520
PEK,INC,164
BGO,AMS,752
PHX,GUA,4
CLT,CUN,1954
SAT,BTR,1
JHG,WAS,1
AOJ,NKM,1
RSW,LGA,7665
AUS,SHA,1
BRU,BRU,7
MEX,MFE,163
QEW,LHR,2
YYZ,OPO,18
LHR,MSY,21
STL,BKK,1
DFW,HAM,4
DPS,BDO,23
IAH,ILM,1
ICN,JFK,7632
VIE,IST,381
SLC,CSX,1
VIE,PSA,6
DTW,HKG,253
KRR,VKO,5
LIT,SAN,1
NYO,SOF,1
TSN,WUH,22
CPH,AAR,2127
JNB,ADD,599
MAD,PHX,27
LTN,KIV,23
CGK,TKG,71
IST,JRO,94
SZX,CTU,377
CPH,DBV,1
GDL,GUA,1
JAX,SAN,77
TNA,CGO,4
BWG,FFT,6
BSL,LIS,16
MTY,VER,271
GDL,DEN,18
MLE,SIN,177
DBV,PRG,29
WUX,SZX,371
AKL,LHR,22
TLL,ZRH,1
YXE,CUN,9
GSP,BUR,1
CUZ,BOG,12
SNA,SJC,55013
LHE,PHX,13
XNC,ZDL,2
WAS,MSY,1
PHX,CTA,2
LPL,DUB,962
SHA,CZX,8
PTY,SJO,8217
DAB,SLC,1
MAN,NWI,934
AKL,WAG,32
TXL,INN,70
EWR,YUL,12511
GSP,SLC,1
SSA,PAV,8
ISP,DAL,6
LGA,SCL,2
AMA,CLT,17
BUR,TUL,3
MCO,ATL,191970
TAO,TYN,4
SPU,MUC,231
CHI,CLE,1
LSY,GFN,112
QPP,ZMB,4
VKO,VNO,3
PHL,GRB,1
PHL,BHM,3271
CLT,BCN,705
ONT,SPS,2
PVG,SQJ,5
YUL,YXU,167
YYC,MSP,9881
VTZ,CCU,4
HGH,ICN,254
RDU,HAM,2
BWI,SAN,10486
AAL,IST,9
MHK,DFW,3211
RAP,LAS,7
PSR,HHN,17
GRR,SMF,1
MYR,LBE,35
FYU,FAI,68
SEA,JAN,1
AUS,BIL,14
LAX,GSO,1
PDX,KOA,523
BRS,WAW,2
OSL,ATH,18
DTW,MEL,1
TER,DOH,7
AKL,NAN,292
STL,IND,8
MUC,RAK,74
CLJ,BRI,1
ZEL,YKT,9
HND,JFK,1813
CLT,VPS,4725
MRS,AGB,1
NRT,IAD,13214
SMF,EWR,48
GIB,AGP,3
CGB,PVH,44
MHT,LAS,76
YYC,YYF,317
MKE,GSO,4
ORD,SLP,4
DUB,EAM,2
LHR,SVG,1442
SMF,ABE,1
HND,LAX,8870
FOC,KWL,1
JHM,MKK,5
SYD,SEA,3
MZT,LAX,100
NAY,JUZ,1
ORD,DEL,2619
UIO,DFW,349
BGY,NUE,106
CGO,DLC,5
RUH,AQI,32
JSY,ATH,1
YBB,YYH,8
AGS,AGS,4
GYS,PVG,5
JFK,POP,67
IAH,CVG,16008
KEF,IAD,1018
BOD,TLS,1
ORH,ORH,1
SHA,HAN,2
DAY,TPA,19
CLT,CVG,37620
PVG,PVG,2
SMF,OGG,341
KRI,STN,1
YIV,YST,18
OUA,CDG,330
RDU,TPA,9812
RAI,CMN,2
MED,JED,231
SZX,SEA,116
YQB,YKL,23
BWN,BKI,55
XMN,SHA,2604
BAL,NWK,4
CMH,RNO,7
JED,CAI,139
OTP,DTM,4
MHT,ORF,8
PAR,HBF,1
YWG,FLL,11
HAK,WUH,4
EZE,REL,26
QRW,LOS,7
HGH,DOH,33
HVN,PHL,4337
JED,AJF,3
NAP,PRG,3
AMS,LBA,3863
BMA,RNB,112
MCI,LGA,22921
NOT,OPO,1
PDX,FAT,1747
JHB,SZB,161
DEN,SJU,77
KMG,HAK,4
ZRH,LGW,491
LAX,GPI,3
ETZ,ALG,7
KMQ,TPE,6
SJU,FLL,7286
CSX,HGH,10
FRA,PRN,195
CDG,DOH,831
SJP,LAX,1
ABJ,NDJ,2
LAS,PHX,71710
BKO,CMN,44
SIN,YQY,1
ABR,CHI,1
WBM,POM,6
PRG,RHO,6
QPY,QMX,2
ORD,DTW,124028
PHL,SGF,1
AMS,MME,1872
PER,EDI,1
ABZ,KEF,27
STP,SLP,1
MEM,ELP,4
DEN,YYZ,14291
Compa,DXB,4
HND,KOJ,248
ABJ,LBV,6
PHL,AGP,1
PLS,CAP,5
CAI,CMN,204
EWR,SHV,8
SCO,DME,1
IND,ATL,94282
EDI,MST,2
MBJ,AKL,2
PER,SYD,40708
OTP,LIN,220
BCN,SLC,4
FCO,ANR,6
MSP,ZRH,88
DRW,NTL,1
CVG,PTK,14
CGN,VIE,1624
BEB,SYY,1234
LAX,MBJ,40
TXL,AMS,8475
YKA,YYJ,1
YWH,SEA,3
LAD,CAB,5
ARN,SFO,3
ARN,DUB,948
HRL,MAF,9
CBR,PHX,1
HRL,SAT,16
INN,DUS,21
LGB,LAX,7
ASU,IAH,1
YJM,XOC,2
SPI,LSE,1
BIQ,STN,37
VIE,LCA,261
MSQ,ASB,1
HER,GVA,9
YYZ,BUF,2
LTN,GRO,5
EWR,MAD,4257
KHH,SYD,1
TXL,STN,41
MNL,YYZ,24
BIO,STN,97
OSL,BRU,1290
SCL,MDZ,607
LPQ,BKK,40
LIN,GOA,1
TAS,LHR,91
BOS,BCN,20
FCO,CAN,31
IST,ADB,1649
GOM,ADD,40
SFO,VTE,1
NCL,BFS,542
WUH,FUK,1
BUR,RDM,1
RGN,SGN,39
ZAG,DOH,69
TRC,RSW,1
JFK,CAN,1799
MSP,FMY,8
BCN,BLQ,187
BRA,IAH,1
MSP,EIN,1
AEP,RES,296
IST,OVB,7
AMS,SID,1
LED,BRU,33
FLL,LGB,2
YJB,GIA,3
YQB,PHX,1
STR,EWR,1
CHI,IAH,41
ABZ,FRA,1399
YOC,YEV,18
YTZ,YTZ,3
ADD,NRT,2
BLD,PHX,2
IAD,JED,317
LGA,MID,3
FRA,ULN,7
AMA,PHX,14
PKC,ANC,2
YUL,PTP,70
MUC,KBP,875
PVG,BKI,9
GSO,FLL,1
KSA,KWA,82
SJC,OGG,730
SAW,MAD,28
IAH,NRT,7740
NAS,RSW,7
TEL,ARN,1
VVO,PUS,4
HYD,GOI,58
CMH,FMY,1
SIN,VTZ,138
BOS,BRU,3
JED,KAN,5
NNG,WUH,1889
BUF,CVG,1
ICT,DEN,14516
FRA,GIG,596
UKB,OKA,5
WAS,BOS,4
BCN,ZRH,4223
PFO,EDI,4
CNX,ICN,156
SGE,SYD,1
TRF,LPA,1
MAN,MAD,542
ABQ,LHR,1
GRR,PVD,1
GSO,IAD,4673
PUQ,SCL,838
AMS,TYO,4
SVO,OMS,44
ILM,PHL,3466
OTP,YUL,1
CPH,JFK,980
DXB,DMM,3420
SGN,VCL,11
DFW,AEX,3547
DME,OMS,15
BHM,EZE,1
JAN,DCA,788
CWL,BRS,1
NSI,ADD,40
DFW,PTY,327
MIL,LIS,1
TLV,VIE,749
DXB,DYU,69
CFU,GVA,4
NVT,VCP,82
JFK,ANU,165
ELP,LAX,4508
ZRH,AMS,11786
CPH,POZ,204
MEX,PAR,1
YBX,YYT,9
BOS,MKE,9080
MEX,DFW,20558
DUS,ATL,5222
OSL,BOJ,1
TIF,RUH,71
XAX,XFY,2
YOC,YDA,3
WMI,LPL,41
JFK,SFO,151165
FLL,YUL,2543
MTJ,SFO,45
DEN,GEG,13134
VIE,EDI,29
DAD,HPH,6
STN,LCA,1
VIE,ZRH,7777
XHN,QKL,1
CDG,RBA,1034
DFW,GSP,12781
CJC,SCL,689
LBB,PIT,1
VDM,AEP,14
EWR,AMD,16
DOH,ARN,161
SYD,IAD,1
VCE,CDG,1865
PTY,VSA,8
LIM,ATA,6
IVL,KTT,44
DXB,NJF,21
CDG,NYC,12
TYN,PEK,80
EBL,CAI,13
ATH,JKH,52
NAN,TRW,79
JPA,GIG,127
EWR,ILO,1
MIA,MID,407
JAX,BWI,8197
OAK,AUS,3542
BUD,LYS,32
ORB,MMX,14
ZAD,DUS,1
HMO,TUS,96
WSZ,WLG,6
YCD,CXH,36
TFS,DME,1
OLB,HAM,5
WAS,BER,1
ZRH,HAM,3945
MAD,DKR,144
DLG,CLP,1
AUH,MHT,2
YOW,GVA,1
GDZ,DME,1
SLC,SOF,5
HVN,BOS,3
ORY,DUB,191
EVN,VIE,546
TUL,OKC,1
RIC,LAX,2
PHX,TVC,1
JAX,SEA,1
MSP,DTW,85107
DME,PHX,5
SCJ,SAN,1
CMB,DEL,185
DFW,AGU,2884
ORD,GCM,64
MBS I,DTW,1
ATL,BCN,2305
SSA,BPS,27
GLV,WMO,4
EWR,DAB,1
YXU,BRU,1
AUS,LFT,1
CWB,CGR,4
AUS,NEW,1
SFO,TYS,1
YYZ,MRS,1
FAB,CIA,1
GVA,QLJ,1
HOU,ORF,25
ZRK,EWR,1
SJC,EWR,665
KRR,SAW,3
XMN,HIA,2
SLC,ELP,60
LVI,CPT,34
CUN,PVR,1
LRD,LAS,1
ATH,TXL,87
RKH,MRN,7
CMN,AUH,93
TBU,APW,1
BKK,TPE,2920
PHL,SYD,2
NBO,JRO,389
LKO,BLR,26
MSP,SGF,69
MSP,DEL,3
LAD,ADD,65
YUL,FCO,417
PRG,SEA,28
GYD,LED,3
SZG,CGN,54
NAY,HET,2
SCL,CDG,419
RIC,SFB,6
OAK,FCA,7
LIT,ATL,45011
MCO,LFT,1
TLS,XFW,12
AZA,DFW,1
IDA,DUS,1
MCI,YQB,1
ALG,ORY,167
SHA,CSX,304
MADIN,DXB,2
ISB,DOH,477
VBY,GOT,8
PDX,PEK,2
EWR,MSY,11403
LTN,BRQ,45
MHT,CPH,1
JNB,MEL,1
ARN,KRK,26
BCN,YHZ,1
OME,WMO,1
SMF,OMA,6
SAW,BCN,56
LAX,SIN,928
OKC,SNA,37
KHS,ATL,1
MMX,ORB,13
MSP,SJU,324
BRU,MLA,135
TXL,CTA,39
AUH,AMS,3130
ABQ,SJU,1
YYR,CDG,2
SXB,MPL,4
CHC,NSN,343
SEL,PEK,3
YVQ,YEV,167
AUS,SAN,6945
SNA,OMA,15
YYF,YVR,1539
SMF,TUS,135
EWR,BNA,16672
GRR,LAS,80
IDA,OPO,1
QRO,TRC,1
TYO,YXU,1
ELP,RNO,18
CDG,SVX,1
MLI,PIE,1
BRU,CHQ,4
LON,MAN,3
CDG,CTU,29
GIG,AEP,504
HFE,XIY,20
FRA,PIT,3
MEX,REX,2847
DEL,DUB,4
ZRH,DAR,124
MGA,PTY,1264
HET,TSN,10
VIE,MSP,4
CJJ,LAX,1
MSP,YHZ,4
DIY,ESB,1
GLA,WAW,4
EMA,NOC,16
MGM,IAD,1
ABZ,AMS,3016
LAX,GRX,1
LHR,XWS,2
JFK,SXM,618
DFW,LHR,36906
TXL,SKG,2
EWR,HDB,1
FYV,LGA,3
KBP,TLL,49
NDJIL,JOMO ,1
ADD,GRU,3
LHR,GLA,21548
TXL,TFS,18
SZX,LYA,2
FNT,LGA,1
SOF,KBP,9
AUK,EMK,5
ESM,UIO,74
CPH,EDI,536
SAT,ORF,6
AFA,RSA,10
STR,PMI,58
RDU,SFO,8174
NYC,CTG,1
AZA,BIS,5
YUL,YTM,8
SEA,ORF,1
HNL,MCO,6
BCN,MCO,7
SEA,VCT,1
MSP,YQM,1
ZRH,HAJ,1511
LPB,YYC,1
DXB,AUH,1
FSG,LAX,88
TYS,PVR,1
IPT,MSP,1
ATL,UIO,1040
CUR,CLT,56
CPT,WAS,5
CDG,TGD,19
FCO,OSL,66
MPA,ERS,15
OER,ARN,294
FRA,PAD,3
DEN,BUR,15225
GVA,BKO,1
NBO,TNR,213
DFW,DXB,3664
DAL,DSM,1
SBN,PGD,51
CRL,PUY,2
JAX,SYR,5
BTR,MSP,8
RSW,MIA,39
AMS,SVQ,250
BZR,NRN,1
ORD,PLS,24
BWI,CRW,4
YOW,MME,1
SJO,MTY,1
POL,MPM,19
CLT,EBB,1
KLU,MSP,4
FRA,YOW,1087
YUL,YQR,5
TSF,BCN,11
YNT,NKG,6
MUC,ACE,6
DAY,SFO,2
IAH,MAF,13891
GUA,BOG,510
CGO,HRB,6
BHM,HRL,3
SIN,WLG,10
PLH,LHR,5
YXY,YOW,1
VPS,STL,1
YYZ,YVR,91419
YNO,YVZ,2
PRG,SXB,13
MAM,BOM,2
LTN,LPA,4
VIE,BSL,401
DUB,CCF,4
DAC,CAN,76
KUN,DUB,11
BOG,CTG,3176
SGN,IST,81
YOP,YEG,99
WNZ,CAN,100
JFK,ONT,19
YUL,NRT,1
ORK,GDN,4
CID,ONT,2
LTN,WRO,43
NYC,CPT,1
SJC,CHA,1
EWR,MCI,13666
ASJ,ITM,2
DAB,DCA,2
HPN,MVY,16
STO,BES,1
ZLN,CDG,11
ZUH,SYX,2
LGW,RNS,14
BHD,CWL,205
Chris,PER,1
FSD,MSP,24145
GIG,SLZ,46
SAN,CAE,3
ANK,IAH,1
AMS,EGC,2
JNB,MAD,126
BNA,BNE,1
YVR,BOS,2
KWI,COK,2
KUL,AMM,12
PHX,LAN,14
CKY,GVA,5
YEG,MZT,2
SYZ,DXB,11
BWI,AUG,1
OPO,GIG,3
MSP,BRO,2
PEK,TSE,18
BGR,JFK,2
IAH,LON,12
HYD,CDG,1
BHX,BHX,2
DMK,CJM,2
JFK,NAP,39
RGN,CCU,5
KIX,PEK,261
SIP,DME,16
FSD,SGF,1
MPM,NBO,104
WRO,GLA,16
AMI,DPS,1
PTP,CAY,54
LGW,YWG,20
FRA,ACE,1
MSP,MKL,1
DUB,EDI,3004
BNE,XTG,2
BUR,PHL,2
BGI,SJU,4
ORD,BUF,29067
TLV,SAW,170
INC,GAJ,1
NAV,IST,9
HMO,VIB,1
FRA,PHX,29
SGF,SFB,60
CAE,LAS,1
PTY,ASU,671
GDL,CEN,125
KHS,MCT,12
MVR,NSI,2
CEZ,PGA,13
BDL,TPA,4377
MEM,PHL,7930
TRN,MSP,1
XNA,MSN,4
EMA,TSF,11
LOH,UIO,53
AMS,ZYR,90
ORD,MTJ,249
ILM,CLT,27670
MAD,TNG,352
NYC,ORD,1
POL,DAR,6
NRT,IND,2
CGQ,ICN,59
AGP,BKQ,1
LIT,RDU,29
SYD,HBA,3052
DLA,IST,50
HTI,ROK,9
CPH,GDN,861
BOS,NWK,2
PVU,MSC,1
LLW,BLZ,569
IAH,GVA,40
PEK,SHA,31714
DTT,MEX,1
KUH,SPK,1
SFO,BOM,116
PAP,LAX,1
VIE,LZS,53
FIE,FRA,1
SEA,PSG,15
PSP,PIT,3
SFO,ACV,4974
GIG,IOS,1
BUF,GRR,4
MCI,FLL,2489
GVA,PER,1
ZQN,WLG,87
ATH,NCE,12
SJO,NOB,4
XIY,CTU,151
EWR,GRR,5514
MHT,SDF,5
CTA,BGY,21
MGM,DTW,8
YKA,YEG,1
REC,BEL,25
POA,IGU,19
DAR,DAR,2
ATL,AUA,1328
PAR,IAD,1
ORD,DUB,9699
GNB,CDG,2
PSG,JNU,356
CMH,GGG,9
DEN,SFO,127655
LAX,CID,4
LGW,DXB,2855
RSW,MSN,1
BRU,NCE,581
RIC,YVR,44
DSA,KSC,1
MYR,ABE,3
ORD,SCL,1
IAH,YEG,3558
PMI,LYS,1
AYT,TLV,1
STN,RBA,8
RNS,SEN,171
ALC,LTN,137
KIX,CEB,14
PTP,PAP,325
LWB,SHD,89
BOS,GYD,1
COK,KWI,2
PNI,POM,1
TPA,MAF,2
YTO,ASE,1
MXL,CUL,16
BWI,PBI,3699
HAJ,IAH,1
TLH,MSN,1
MIA,STP,1
BUD,PEK,23
JAN,SLC,3
ANU,BGI,165
PNQ,JAI,6
LGA,FLL,20468
SHE,CIF,1
YQK,YAG,81
NBO,EDI,1
TEB,ASE,7
YGV,YZV,2
MSU,JNB,357
COU,DFW,4687
BOM,MRU,39
EDI,HEL,50
YUL,YFC,2951
OUA,ACC,15
FCO,REG,337
GDL,AUS,21
MEX,JAL,69
ISB,KHI,154
ORD,PBI,6822
NCE,LAS,1
SLZ,BSB,75
YMQ,YYC,1
MNL,SGN,386
CAK,MKE,1
AMA,PHL,3
JOG,BTH,2
MYR,CAK,1
LHR,ORK,12594
CDG,QJZ,10
FRA,TRE,4
POA,LIS,24
BCN,FEZ,4
ABQ,BOI,9
PMI,LEJ,4
PHL,LIH,1
YYC,SJD,78
MDW,BOI,339
HMO,MTY,3656
CGN,MSP,3
BHM,PVD,12
PHL,DTW,65862
LED,MSQ,65
FIH,MDK,1
LIR,YYC,3
XZN,CDG,7
KCH,SBW,67
GIG,SCL,553
KMQ,HND,245
PIE,PIT,12
KHN,CTU,3816
MEL,TSN,1
AMA,SAT,31
LHR,MEL,622
GOA,FCO,1372
CRP,AMA,3
NKC,IST,15
JAN,Charl,1
LBB,TUL,1
FAT,CLT,1
MAS,POM,1489
MVD,GIG,59
MSQ,RIX,39
NKM,SEA,1
LJG,KWE,1
SAL,CLO,149
SOF,BOJ,13
SPU,FRA,232
CPH,LIS,394
DEN,RDU,13070
DMM,JED,498
KRT,NBO,47
ATW,DFW,1
HAV,YUL,7
NYP,HPN,1
YBT,YTH,2
PKU,BTH,1
GIG,IGR,1
PHX,GFK,2
YHO,YMN,40
GDN,STN,127
LOU,ORL,1
HAN,GVA,7
SNP,BDL,1
CDG,PTY,289
CMN,VLC,31
MHT,SAT,24
TSN,HAK,2
WUH,XIY,68
SKB,STT,2
LHR,VCE,1419
FRA,LUX,2537
MJT,LGW,2
ATL,PUJ,2712
PVG,ABE,1
FUK,DFW,1
VNO,FRA,1323
PHX,SPI,2
BOD,GVA,244
PVD,DEN,78
AUH,CTU,29
ZYP,ZFV,1
RIC,EWR,13616
TUL,OMA,1
NAS,EWR,718
AGP,LYS,3
BKK,HAN,855
LUN,GVA,2
BOG,PHX,29
CRL,ACE,1
ZAG,SPU,256
BTS,LTN,11
FAR,DFW,3473
ATL,GND,18
WRO,SIN,1
HFE,ZUH,1
MME,MSP,10
DUB,MCO,223
YFB,YOW,1058
UAQ,AEP,634
FCO,HAV,1
JAX,OMA,41
MKE,CLE,4563
BRU,BUH,1
FLR,GVA,93
TUN,NIM,12
YRT,YCS,58
POS,MCO,55
PBI,STL,15
LAS,SMX,16
KVG,MAS,2
DUS,XRY,10
SHV,SAT,1
SCL,FLN,6
STR,CTA,30
DUS,MCO,3
MIA,PIR,1
CGK,CGK,1
BOG,BUENA,1
FLG,PHX,4501
DEN,HYS,651
RHO,ATH,217
SHE,PUS,5
IAH,MGC,1
STL,ROC,33
SDQ,PLS,26
SNA,YVR,863
JNB,SZK,44
BEY,FCO,131
RSH,BET,11
MUN,CCS,15
YBZ,XEC,12
SAN,EUG,2
ORL,MSP,15
JAC,BUR,1
DCA,CAE,4638
KWE,SZX,32
JNB,MRU,420
RUH,HBE,7
CLE,PIE,4
DTW,CIU,1512
PWM,ISP,2
CJU,ICN,19
POS,JFK,679
BSL,ZRH,1
WDS,CAN,1
YDQ,YVR,118
WAW,PAR,1
ONT,RDM,1
SHJ,IKA,4
BGO,DUB,1
MOW,GVA,11
GSO,BDL,1
OGG,BNA,2
SDU,RAO,7
LGB,ANC,43
HND,CJU,1
AUS,EWR,25137
DCA,BRU,2
CHQ,ATH,1088
BNA,ATL,100825
ZRH,OSL,476
PEK,JMU,22
FCO,CAI,396
YMM,YYC,13156
SAN,ELP,179
DCA,BNA,19686
SAL,MEX,1563
TOS,BGO,57
PTY,ORD,1231
RSW,YYZ,1063
MAN,PUJ,2
FRA,QMZ,3
FLL,BIM,93
FRA,KIX,575
LON,FCO,1
SXM,KIN,126
KOA,DEN,387
GSP,MCO,4
IST,TUS,1
LPQ,PKZ,10
OVB,TSE,1
JFK,CAI,445
LIN,ORY,1844
LAX,NCE,5
YWH,CXH,1444
DUB,DUS,1515
DFW,TVC,2
IAD,MSY,5565
BZG,NRN,3
TPE,BLR,1
HID,KUG,1
STL,DAL,22942
IST,NBO,336
MDT,YVR,16
BWI,MDW,28167
SAL,MGA,1015
CTG,LIM,9
STV,DEL,126
COS,AZA,7
CLO,ADZ,5
SDF,LFT,1
DLC,NKG,20
BKO,PAR,1
DAY,SJC,1
PMI,SOF,1
RDM,BHB,1
DLA,COO,5
ISP,IND,6
GRR,PIE,9
RNO,MSP,87
DTW,PLN,1881
IAD,BRU,8081
KRK,FRA,3555
NYC,RGN,1
GRU,PNZ,11
AUH,MUX,4
IST,GUW,95
EAU,GSP,1
ANR,FCO,7
WRO,BVA,16
MSP,MCO,33413
PIT,JST,37
CDG,AJA,19
PHX,TRD,1
ZAG,FRA,1294
VRN,BHX,10
MXP,LMP,2
PNS,ORD,450
DFW,BOI,4109
SDQ,CDG,65
PER,LAX,10
EZE,CVG,1
SJJ,ARN,2
MUC,BRI,327
FRS,BZE,4
ALB,RNO,6
CDG,LHR,26341
DOH,SOEKA,1
PER,JFK,6
FSD,IND,4
PHX,CTU,12
SVO,VNO,106
JAX,MDW,2578
ABQ,FLL,6
BTS,STN,182
OKC,IND,12
OAK,PNS,3
CLT,MBJ,1019
FLR,CPH,4
PMO,MAD,2
CTU,HUZ,1
PHX,HTV,1
FLL,SMF,10
MKE,ELP,3
DCA,HNL,16
DFW,CHA,7140
ASU,EZE,777
BOS,UVF,2
HIJ,SDJ,1
KUF,VKO,2
YBZ,UMY,1
CAK,BOS,1
FLL,CPH,242
NRN,STN,11
LAX,ELP,3842
BRM,CUR,3
PHE,BNE,126
CAN,SHE,130
HKG,HIJ,5
YAM,YYB,2
AMS,CTG,1
FCA,SEA,3422
MAD,GRU,763
TUF,CDG,4
HTI,BNE,167
SIN,CCU,415
BSB,SYD,1
CDG,IND,1
PDX,HNL,2788
BRS,ORK,126
BDL,BHM,8
YYZ,BWI,6906
CAK,PGD,3
EWR,HYD,2
SXF,MSQ,27
TIV,SVO,2
PRG,EMA,19
IAH,ORL,2
MEX,DTT,2
KBP,DNK,137
LED,GVA,4
BRU,IAH,1
GWT,MUC,3
LPA,MUC,5
CCF,STN,16
SVJ,SKN,1
LAS,HPN,2
CVG,PVD,2
DFW,VIE,2
HKT,KUL,127
MSP,ASE,10
BNE,ATL,1
LJG,CTU,30
MNL,LGP,80
IND,DUS,2
BET,PTU,1
LGB,SAN,1
BNE,DRW,6113
CCJ,AUH,67
RDU,AVP,1
GDL,TGZ,11
PVG,BAV,17
FRA,TLV,6409
BUR,JAC,1
CPT,NYC,1
FLL,PAP,601
BSB,CWB,142
MNL,AMS,187
IAD,CID,2
STL,SJC,232
MEL,HNL,52
HKT,DMK,252
SYD,OOL,12751
BLQ,BRI,75
LGW,MUC,1013
PNH,GVA,12
IAD,SCE,4171
IND,SJU,3
MOB,JAN,19
VLI,AKL,25
RGN,CNX,7
AZA,GRR,12
CPT,SAN,1
MEX,PSM,1
SJC,SCF,1
NYC,HAN,13
MFM,DMK,3
CHS,ORD,7770
PHX,POR,1
DFW,RTB,16
BOS,ILM,1
MMX,VBY,5
DSN,NAY,20
GVA,UIO,1
JNB,MUB,172
OMA,FAT,1
RSW,BDL,597
ZRH,IST,667
ABQ,MIA,7
ORY,SPU,4
PIT,DAY,1
PDX,IAH,9579
PAR,EWR,4
BOS,GVA,19
CUL,CUU,15
SIN,MXP,454
VIE,SKG,82
TSF,SXF,1
VAW,KKN,14
HNL,SJC,1437
LIN,DXB,2
CNY,DEN,29
TLC,MSP,1
ORH,MCO,323
NAT,VCP,7
SID,LIS,11
BGW,DXB,1450
MPM,POL,34
SHA,GVA,5
WAS,NWK,6
BHM,GRR,10
SNA,IND,40
MDW,BHM,4651
RNG,APA,3
SOF,TXL,198
HNL,BWI,2
DFW,GPT,3146
PHE,ZNE,8
SEL,IAH,2
BLQ,BOG,1
EVV,IAD,1
YSK,YWG,39
ZRH,PRG,1749
SZX,LYI,4
MCI,GEG,3
MKE,JAX,7
WAA,OME,7
DEN,TEX,93
BVA,PMO,4
LGW,GNB,13
MUC,BOJ,3
SIN,SYD,20937
BMA,KLR,304
LRS,ATH,3
SXF,FCO,2
SJU,FRA,81
HOU,GVA,2
VRN,CWL,1
IPL,LAX,194
MAD,JTR,2
SPU,STN,1
PVD,MDW,8106
KWI,TIF,2
LYS,PSA,1
PUF,CDG,726
AEP,SLA,701
DSM,IAH,2384
MSP,MOW,2
DUB,ADB,3
LUK,TEB,2
SAP,BZE,7
LHR,RAK,6
GYD,VIE,2
SEA,BLI,8856
LGA,ICN,1
PUJ,DTW,32
KTM,KUL,75
RDU,RIC,11
CVG,PIE,26
EWR,MOB,4
STX,ATL,102
WEH,CGQ,3
AUH,LOS,40
ZLP,BSL,1
ORD,FAI,153
MSP,IND,41198
KEF,ORY,158
DFW,SKG,1
BCN,BSL,399
POP,MIA,238
FRA,LON,4
VLC,BCN,12
OMA,TYS,5
NGB,ZUH,1
YEG,YYJ,1163
URS,VKO,7
SHA,HND,1392
TXL,LPA,4
LHR,YUL,7240
TLV,ZRH,1727
PVG,SPI,1
XRE,QQP,7
MEX,CUU,7316
TLV,EDI,1
HPN,LAN,1
IAH,BGR,4
BHM,SMF,5
PBG,FLL,4
DTW,TLV,2
LSI,EDI,401
CGN,CGN,1
BET,KKI,1
NHV,PPT,2
AGP,YUL,5
HEL,KTT,95
EWR,NCE,2
SXF,SDR,3
DXB,FLL,354
BDA,JFK,8108
MUC,HER,52
TAO,HGH,93
SYD,LHR,1017
TXL,FKB,591
ERC,IST,11
PUJ,JFK,853
BGI,YYZ,1010
KHI,DEL,1
BKK,CEI,143
ORL,BOS,1
TUN,MLA,137
EWR,AMS,11370
TON,LUX,1
PAR,LCY,1
HRL,STL,3
NDJ,LOS,5
OTP,FRA,4114
TXL,GWT,3
MSC,GRI,1
LAS,SLC,47298
SZX,HKT,2
REP,XSP,1
ACC,LOS,350
ATH,LIS,23
HKG,NYC,1
MPL,HHN,2
BCN,MAN,689
YVR,DCA,5
CLE,MDW,26954
KBL,PER,1
ATH,MRS,19
DRW,SIN,81
MLA,CGN,2
Bahra,KWI,2
TPE,JFK,2987
MHT,BUF,3
GTW,LYS,1
ASU,VVI,9
COS,ATL,4764
SEN,ALC,31
LGW,BOS,593
OKA,HIJ,10
VCE,ROM,1
SJD,DFW,3470
ELP,LAS,3172
DLC,YNT,8
FRA,VIE,12456
MUC,MIL,1
ARN,CMN,3
MCO,FWA,2
NCE,LED,3
TRI,BNA,2
DUB,BOS,8867
YVR,ZRH,19
BRE,AGP,2
JED,LHE,3
ASU,PTY,595
CMN,YUL,394
ORD,MNL,1
COU,ONT,2
SKG,EWR,7
LGA,DFW,119096
BDL,BNA,201
IAH,VER,1247
LTN,BUH,5
PEN,TGG,8
EWR,RBA,1
ROK,GLT,2
VRA,MIA,33
MEX,NLD,1028
RVK,TRD,13
GLA,AGP,9
KRK,IAH,1
CIA,BVA,17
HGA,ADD,58
YVR,SYD,2648
NQY,LBA,10
AUS,RIO,1
MSP,ALB,3304
DFW,ATH,2
OAK,MAD,1
BRU,DOH,230
ORF,SMF,26
DTW,EVV,9275
KAL,NUL,1
VRN,DUB,14
BAX,NYC,1
CUN,DSM,1
DAL,PWM,3
LHR,MXP,4429
MPL,CMN,40
DCA,LAN,1424
YHR,YNA,10
SAW,BAH,14
CKI,DRW,3
AUH,LHE,230
BOD,RNS,133
SIN,BOS,4
GON,IAD,517
BCN,MLA,45
RVR,WAS,1
PVG,MCI,1
EBJ,SVG,12
IAH,TRI,1
DTW,GRR,45249
TUS,MLB,1
KEF,CDG,812
LCY,ALC,14
YHZ,PUJ,3
LAX,TLH,1
MSP,HDN,137
ZFQ,XJY,1
KUL,CGK,1807
YYZ,RIC,3
SDQ,FRA,58
NGB,HAK,1
MFE,LAS,14
GVA,HAN,6
MSO,PDX,1177
BCB,DUB,1
IAD,CHO,3338
LBA,ACE,1
CNX,UBP,3
YQG,YUL,64
CDG,JFK,31637
YXE,YYJ,7
PER,LHR,7
NCE,ATH,13
BRU,FAO,68
HSH,MSP,1
JER,DUB,11
LSC,CJC,4
FUK,NGO,56
CVG,PIT,513
IAH,DTT,11
PEK,SFO,11853
PHX,DAL,19232
CXH,XNA,1
RRG,MRU,3
KMG,NAO,1
LTN,PSA,29
STN,GDN,167
YMO,YPL,1
SYD,YMQ,1
DRW,TCA,4
CLE,BOS,17907
ATL,FSD,2994
KZN,HEL,7
CWA,MSP,8424
MCT,DXB,3747
JAX,PDK,1
BUE,MEX,2
GDN,MUC,1720
ZFJ,XJY,1
CID,BHM,2
EWR,BFS,1413
SFO,HKG,32904
URA,GUW,2
BNA,PBI,26
STN,SKG,35
ZRH,DUS,7180
SYR,YYZ,735
DLA,SSG,2038
HKG,KIX,1079
BHX,GVA,208
KWA,TKK,3
BLL,VNO,1
TYN,SZX,4
TXL,TRN,13
ATL,YXU,1
ORD,OGG,211
Minne,AMS,1
JAX,MEM,8
CKG,FOC,6
PUJ,SFO,2
DUB,ALC,51
AUS,TUS,5
PER,BKI,7
NCL,TRE,1
VNO,EIN,2
HGK,SEA,1
MSN,MSN,7
KIN,DFW,8
YYZ,ISB,1
CAK,MYR,1
SAN,HEL,2
CAI,PHX,4
HIA,LHR,2
MDW,BUR,121
TPA,ECP,63
CNS,BNE,7927
CPT,MQP,172
SAO,MEX,6
ADD,KRT,73
SFO,VCE,1
YYC,FRA,2069
ICT,LGA,3
MSP,HAM,4
MEX,XNA,1
SNA,LAX,14
PHX,GEG,6407
IST,EWR,1
ZRY,QQY,1
MCO,HOU,11206
BIA,BOD,2
ABV,QUO,2
MAD,YJV,1
GYN,CWB,5
WAW,BHX,3
HGH,LAX,6
HEL,JOE,442
IBE,EOH,1
DWC,LON,1
KEF,KTW,1
KRN,ARN,180
GIG,MSP,1
SJC,BUR,28004
COR,MDQ,3
IGU,POA,12
CUR,ORD,3
PGF,BCN,2
KOA,MSP,68
XPG,AMS,6
BRI,CLJ,1
HSV,DSM,2
FIH,DLA,41
DUS,LHR,17491
MSP,YVR,7964
MSY,LCK,1
MUC,MAA,3
PUJ,PTY,383
LIN,MUC,576
RDM,SJC,1
CFU,TSF,1
CNF,JFK,1
BLR,JED,3
TOS,VDS,34
PTY,COR,313
ORY,ORY,4
RHO,MAN,1
PIT,PTI,1
MOT,IAH,2140
PIT,LNS,111
XFN,NAY,3
LIT,SGF,1
PHX,RSW,38
ARN,BOD,5
DFW,FMY,1
LIM,IAD,188
FAO,BVA,2
DAC,RJH,2
EWR,Turnh,1
MCO,GDL,9
CGO,ICN,54
KUF,DME,48
MINNE,EWR,1
ITM,AXT,6
CGN,CTA,4
WAW,PEK,94
ICT,AVP,3
JAN,IAD,1
HFE,NGO,2
HPN,MIA,676
HGH,WEH,6
PGD,PHL,7
BVA,RAK,1
Schip,JAN,1
JFK,TRZ,1
CCU,GOI,4
LGW,TOS,114
SVO,UUS,120
HDS,JNB,44
GJT,LAX,2
TRN,MUC,2020
BRU,IBZ,4
BKK,BOS,1
ORF,STL,107
BOG,DFW,2303
HEL,ATH,38
GJT,JFK,1
PQC,SGN,64
JTR,LCY,5
BOG,PAR,1
UIO,LGQ,15
SAT,DAB,1
IAH,POS,3073
OMA,DAY,6
SHA,LYG,134
SJU,MIA,25704
DLU,KMG,27
SOU,BHD,486
BTH,PKU,1
MSN,BIL,4
STN,CBG,22
LGA,FMY,13
DPS,KIX,20
ATH,HER,417
IAH,MFE,16928
MSP,XMN,1
WAW,TXL,911
CTA,HAJ,2
BLQ,PAR,1
CHC,ROT,31
FSC,CDG,75
CPH,XWL,3
SYD,NRA,146
TER,LIS,116
CLE,TLS,1
AUH,DAC,253
PER,XMN,1
OAK,RNO,5601
FRA,CFU,1
MCO,ACC,1
LGA,RSW,6824
EDI,BCN,181
YOW,MBJ,1
FLL,EYW,600
CRL,SOF,1
SNN,EWR,3939
ATL,TUL,28462
PEK,DOH,123
KIN,CUR,13
LHW,URC,1
PVR,OMA,1
VLC,TLV,1
POM,BUL,4
IXC,BLR,23
RNO,DSM,8
DUB,MSP,48
BKK,BOM,1351
MSP,FAI,458
BHM,ABI,2
MSP,DSM,26647
MSY,HOU,28709
MKE,MKE,16
SJU,TPA,2472
CAC,GRU,67
BOM,KTM,532
MEM,IAH,15306
EWR,MEX,9551
CLT,FPO,119
ASU,MAD,9
HNL,MIA,1
DEL,YYZ,2824
KEF,STR,3
XED,ZYR,1
BGR,DCA,2637
CDG,AUH,816
PIK,ACE,1
ZDJ,ZLP,1
XIY,LHW,17
CTU,KRL,2
FAO,BOH,2
HAM,MAN,1492
XUT,XTI,2
MUC,TUN,19
CGO,INC,4
GJT,DEN,6189
DTW,PVD,16098
OSH,PTK,7
TRG,WLG,129
DUS,SGF,1
ULY,DME,2
JFK,JNB,3791
HDN,IAD,28
MSY,TUS,12
CDG,YVR,564
AQP,LIM,1885
MAN,DFW,2
SJO,TGU,411
CAI,EBB,31
HSH,SEA,1
LIL,LME,2
GDN,LPL,6
MDW,EWR,21681
PUS,PVG,508
TPE,CTS,52
DUB,OPO,46
South,CLT,1
JFK,DME,1
CPH,KLX,1
SYZ,DOH,10
LYS,URO,2
JMS,PHX,1
BOS,PBG,444
DSA,TXL,19
VLY,VLY,1
LGW,YYZ,995
ARN,FRA,6657
PMI,LIN,1
FRA,BIO,876
GKA,POM,42
ABQ,WAS,1
BLR,BDQ,3
DAR,MCT,12
PVG,KIJ,4
LYH,WAS,19
BDL,BWI,24122
TLS,JFK,2
GVA,TYO,21
SDL,LLA,2
VIE,KVA,1
CTU,DOH,19
SLC,STT,1
BIO,MUC,737
BJV,LGW,9
KEF,SVG,2
COS,ASE,1
GSP,YOW,1
YUL,YMQ,1
DXB,TUN,217
FUK,TKS,4
DET,PHX,8
MKE,PBI,36
DOH,SHJ,26
MMX,WAW,1
MSP,MOT,7199
DFW,BRU,4
SAT,RSW,3
TRD,BOO,88
AMS,RTM,5
MDW,DFW,4
YSJ,YUL,3396
DAC,BOM,529
NGS,PVG,8
BJX,PHL,2
AGP,FUE,1
FUE,LPA,94
EUG,IAH,2
SXF,SPU,1
OIT,ICN,1
VQS,CPX,2
IAH,YWS,1
MEM,PDX,25
BER,TUS,2
HOU,BUF,52
LUX,OPO,49
LGA,YEG,2
OAX,PHX,1
GRR,ANC,1
LGA,CAE,1411
EOH,GVA,2
IQQ,ARI,41
PER,MJK,9
LIM,TCQ,252
MINGA,KUL,1
AMS,LED,613
KMG,WNH,2
PHX,LHE,13
BHM,AMS,3
DUS,YOW,1
LHR,RIX,1
CGK,SOC,70
DXB,COK,530
YYZ,LAS,10868
GUA,JFK,1
IND,YUL,8
TRN,FCO,2184
SXF,JFK,3
LPA,DKR,1
YYJ,ZBB,1
MIA,LIR,944
GCI,MAN,64
GOV,GTE,15
YOW,ZRH,4
MCO,SIN,1
IOM,GLO,86
PHX,BCN,27
HAV,VIE,1
PVG,SIA,1
PHX,CAE,3
YUL,IST,261
SEA,RSW,7
CUR,SJU,12
CLT,ANU,23
BRE,EDI,4
WIL,BBY,1
BWN,MEL,112
STR,PER,1
BOM,ATL,1
MSP,ING,1
CPH,TXL,2485
DAL,MYR,1
ONT,AHN,1
GRB,MSP,22872
GLA,EDI,2
GSP,PIT,5
YWK,YUL,131
PIT,YTZ,714
GIZ,SHJ,2
BAG,DXB,2
YZS,YTE,1
RTM,LHR,1
NBO,FIH,103
AUS,ANC,2
ABE,CAK,1
VCE,DUB,90
MAD,CIA,46
ZRH,SYD,1
EYW,ORD,14
ALC,BGY,10
LAX,KIX,1285
LBB,IAH,4922
MIA,BHM,2026
ZRH,EDI,32
LHR,TLS,4240
CMB,COS,3
YYT,YQM,2
FRA,NCE,2475
BNA,RNO,45
ORF,ROC,5
HAN,KIX,24
FNA,CKY,415
SDF,DAL,89
CIA,BOD,2
SPS,ONT,2
BEJ,BPN,9
PIA,IAH,3
MRS,AAE,8
MKE,CHS,1
HAK,HKG,221
TXL,CGN,4824
ONT,BNA,268
AUS,MRS,2
JAX,IND,25
MVY,HPN,27
CGN,RLG,2
IST,LOS,111
OKC,MDW,2142
LBG,SXF,3
CPR,LHR,1
SZG,SZG,1
LIH,MSP,3
DMK,BFV,10
CNX,KMG,16
AKL,SCL,332
DEN,HDN,2112
TXL,Orly,1
GVA,KBP,73
KHI,AUH,251
MDT,IND,2
NYP,PHN,1
MSP,COS,2
MSP,MML,5629
CUN,CVG,35
LBV,LFW,139
LGB,SJC,1520
BCN,BES,3
SAC,BKY,1
KHH,HGH,5
RUH,SHJ,3
CGK,AMQ,7
BCN,MIL,2
ELP,BOI,2
Lome,CDG,1
SZG,SFO,1
MLB,DFW,1
AGP,HHN,4
IAH,LIN,7
BLR,AMD,132
YXU,MME,1
LPA,DUB,15
PUY,LGW,7
DUI,FRA,1
BCN,NYC,1
GRU,LFW,13
HKG,MAN,156
AJU,CGH,13
SAV,YIP,1
KTW,MST,2
UFA,VKO,10
COR,NQN,1
BHX,PAR,1
SAN,COU,5
XMN,HRB,1
KBP,ICN,1
POM,BUA,17
SJC,ROC,5
MKE,CHO,2
ROP,GUM,78
MDW,GEG,387
CSX,MXZ,1
ILM,JAX,1
JFK,BSL,1
PVD,LIT,1
DUB,MJV,10
BOB,HUH,2
ZMZ,XNC,1
DBO,BNE,58
IST,HAJ,69
YBP,PEK,8
ZHT,XIK,1
YBC,YUL,800
AGU,MEX,7922
SAT,SHV,1
BOG,BCN,159
TIJ,CUU,243
OAK,LIH,145
PHL,ATL,137952
YEG,YYT,26
SAO,DFW,1
GLT,CNS,1
LGW,LGW,2
ELP,AUS,6847
AGP,SDR,1
EWR,SBA,1
STN,BGY,427
OXF,EWR,2
PVG,SLC,1
BCN,SKG,2
YVR,ZIH,1
MAD,GOT,5
BZV,FIH,83
SDF,ROC,1
MLA,MAN,60
MAN,FSD,1
HKG,HEL,385
CCU,AJL,5
TYO,MCI,1
IAH,TLV,5
MOB,BNA,1
GSO,DTW,10028
KMG,SYM,6
KUL,NYC,4
PHX,YQB,1
ABQ,LBB,4
VCP,MCO,355
MAN,BFS,411
FRA,PAR,5
PXO,LIS,1
DAL,ONT,345
CPT,NAP,5
TYS,BNA,3
SXM,STT,54
LGW,NQT,1
MAD,ORK,26
FAI,GAL,110
SMF,TPA,149
FUK,HEL,14
BOS,PVD,2
BOM,IXU,750
PHX,GET,2
LIT,DCA,1
EWR,PWM,12710
UFA,LED,4
SJO,IAD,77
ALB,SEA,20
CVG,TYS,2
MKK,KOA,30
SEA,PAR,2
JAX,DCA,11326
HAV,GVA,1
LFW,CMN,21
WRO,FSD,6
ZOS,SCL,12
JAN,EWR,4
MSP,FCA,1877
NRT,FRA,805
DUB,VRN,14
BSL,HAM,499
DUESS,MUC,6
PGF,PAR,1
SAW,LYS,3
KMI,HKG,2
NKT,IST,3
PIR,YOW,1
CCU,KMG,38
AZO,CWA,1
GSO,PBI,1
TUL,DCA,23
PHL,SHR,1
LHR,Prag,,1
BEG,KBP,23
CPT,AMS,2268
IST,DLA,29
ORK,CDG,492
ORY,RBA,55
ROM,PAR,2
ONT,SMF,44159
WUH,NRT,297
HTS,LEX,1
RAH,RUH,21
CGN,ALC,4
JFK,SAP,10
YNT,SJW,6
SIN,DOH,3116
SLC,TPA,60
ORD,SAT,25013
YUL,LAX,6840
YQG,DTW,2
PIT,MSP,20097
MAN,ISB,12
JFK,ATH,1087
YWG,CUN,12
NGO,OKA,18
BEY,LCA,74
TFS,LYS,1
JMK,IST,6
SIN,BLR,7051
CDG,MBJ,1
ICN,LAS,349
MUC,PVG,1040
IST,BGW,217
FRA,XXX,2
SHA,GSP,1
COS,SLC,4338
SZX,HYN,29
GRU,MOC,214
BES,LTN,5
WLG,NPL,110
STL,PWM,5
PNK,CGK,24
SVG,KEF,7
EIN,BEG,1
ORF,PVD,4
DUB,BIQ,7
FLL,USA,13
PVG,DFW,5849
SID,CMN,5
PSA,CTA,19
SKB,YYZ,2
WRO,BGY,91
DPS,PLM,1
ORF,FWA,7
IAH,CAN,4
YQG,YYZ,5612
SEA,HOU,1180
PEN,KNO,2
MAN,BJV,4
CZM,ICT,1
JST,DUJ,82
CUN,MSP,1645
OKC,ICT,1
JFK,DFW,8407
ATL,FRA,8991
BOS,LGW,608
SLP,MSP,88
CFR,SEN,7
SDU,CGH,16880
PIT,SJU,2
FLR,DUS,417
DSM,TPA,5
YVR,SNA,862
MHH,TPA,1
MEX,SFO,7989
FBS,BFI,1
PHX,RAP,1
MSP,AGS,12
LAX,IAD,64056
CPT,PHX,7
JED,ADD,1066
SAT,TUS,26
MUC,ICN,414
DEL,DMU,1
YWG,YTO,3
CGN,PAD,3
AUS,SMF,92
DRO,PHX,3366
JED,COK,2
SKP,BEG,102
SHA,MXP,1
PDX,PUW,1
EWR,LAN,2
ACC,ABV,128
NIM,IST,49
DUS,NTE,264
MGB,ADL,580
CHC,BNE,463
ROA,BUF,1
MIA,MGA,1509
ZAG,BCN,13
DEN,MAF,3798
MCI,FNT,6
YSB,YUL,1
YYZ,LHR,22571
LGA,PBI,14876
FDF,BWI,10
TPA,AKL,2
XIY,XMN,32
RAK,NCE,2
ASP,PER,1127
XKS,KIF,1
HYD,DXB,8084
RMQ,ICN,13
STN,BRQ,254
MDT,ROC,3
UFA,IST,2
SAR,SIN,1
FCO,BLQ,517
ZNZ,ADD,9
CLT,CID,2404
SOU,ABZ,2
STT,STX,592
IAH,UVF,2
MUC,ZPR,19
SNA,YHZ,1
FMO,PMI,1
CUN,SJO,8
LIS,LHR,9478
KNS,MEL,7
TIF,KWI,2
TPA,FNT,13
BDK,BWI,1
CCU,VTZ,3
LAX,TYS,5
CWL,ALC,3
SJD,DTW,129
PHX,JRO,5
CEB,CEB,2
ORD,SAN,63421
CWB,AEP,98
NUE,FRA,6282
BGI,FRA,9
DSM,HSV,1
GVA,BSB,4
NBO,FBM,118
CHO,IAH,1
MNL,ATL,3
BCN,KEF,30
AMS,ACE,6
ORF,IND,17
BNA,DAL,13593
SIN,MDL,9
CPH,MUC,4927
XDS,XEG,14
YXE,YXU,8
KSC,WAW,76
HND,GAJ,93
BEG,NYO,1
HND,SFO,12370
ALC,LGW,306
AER,DME,64
GOT,LYS,12
PER,CTU,1
LYB,GCM,36
TPA,CHS,10
KMG,CSX,7
BOI,MCI,28
TPE,SIN,10182
CTG,NYC,1
NWK,NWK,1
CGP,BKK,2
ADD,JED,954
IAD,MGD,1
SXM,PTP,50
MHT,MCI,1
SHE,HFE,3
EBB,DAR,7
LCA,LGW,48
SAT,MAD,1
RIC,DCA,24
MAN,SOU,2715
PEK,SJC,403
DEN,SDQ,3
BTS,EDI,12
MDW,RNO,1054
CPH,MXP,1215
ADL,AKL,293
MEL,HKG,4067
LGW,TIV,11
BKK,THS,6
GRX,PHX,1
ZRH,LIS,1781
IAH,TGU,479
CLT,CRP,2
EWR,SDQ,1207
SIR,NHT,1
BCN,LON,3
BHM,RIC,13
CKG,HGH,44
MLA,BLQ,2
WSS,LON,1
HTS,JAX,1
LEJ,CGN,242
NGO,BKK,233
PPT,IPC,1
CRP,SLC,1
AUS,AL,1
DYG,INC,1
FUE,LGW,9
AJU,VCP,8
PAR,LBA,1
SJO,BOG,1973
YOW,MCO,384
CMN,OXB,26
FRA,NBO,551
ZTF,EWR,36
FRA,KLX,3
MUC,MHT,3
NKG,CSX,40
JST,IAD,370
ORY,MAD,4996
MED,AUH,1
IBZ,BRS,1
SKX,VKO,2
BUR,LIT,17
LHW,SHA,6
IST,HBE,184
LFW,NIM,118
ZPY,FRA,2
AMS,FLR,1604
MDW,PVD,7895
RCM,HGD,14
EWR,IEL,1
CLJ,BUD,2
CNF,BRA,4
RTE,STM,1
SAW,LWO,1
SJU,EIS,1002
ZNA,CXH,506
NKG,SWA,1
OSL,PRG,80
MJV,MAD,73
MSP,TLS,2
OMA,LPL,1
ASE,LAX,1246
ASP,TCA,10
SLC,CTU,1
SOF,FRA,1976
MIA,NAS,5735
SUF,STN,4
ISP,PIT,50
GVA,MPM,2
BIK,NBX,2
SOJ,TOS,5
RNS,NCE,76
MLA,LTN,44
BCN,ORN,25
IAH,RTB,112
PTY,STI,139
SAT,GDL,290
NEW,TYS,1
ICN,VVO,56
ATL,LFT,10581
SHA,DLU,22
MTT,CUN,1
BOG,RCH,169
LGW,CPH,3648
ISP,ORF,14
DMM,AUH,804
ILM,LGA,1714
SEN,CDG,24
LKO,DEL,1201
NAS,MSY,1
DAB,OAK,1
CVG,MIA,2849
BMI,PIE,5
YOW,JFK,1
BHX,LPA,1
BOM,DMM,33
EWR,CBG,1
MSP,HSV,390
KHV,VVO,7
TZX,SAW,14
LAX,SJP,1
OSR,PRG,376
SSH,KWI,5
DUB,CPH,1445
SHR,DEN,30
CUN,BDA,1
KEW,YPM,4
MEM,LAS,27
YAY,YBX,140
LCA,AMS,32
JAN,RIC,4
AJA,TLS,4
SAW,BGW,1
RTM,MUC,330
SGU,SLC,6718
DAB,ATL,24398
HMO,LMM,171
YYC,WAS,1
BNA,MSL,114
BUF,LAS,3191
LHR,NRT,1874
CDG,AGP,942
ORY,LIG,177
WUH,XNN,3
KLX,FRA,2
BNA,SJU,7
SFB,GSO,16
DUB,OSL,272
BWI,DSM,60
PHL,MUC,4266
MNG,DRW,22
IST,PVG,244
URC,LHW,8
LSE,MSP,8651
LAS,MSY,3458
TRN,PRG,1
SRQ,CLT,6989
CUU,CUU,1
CSX,CKG,19
PIT,YUL,1
NCE,XCR,2
BUF,CHS,4
RBA,PHX,1
DEN,OGG,600
MEI,SHV,1
NAP,CGN,1
SJO,SDQ,43
BOS,DKR,1
VIE,KIV,120
CTS,SDJ,20
KGI,CBR,1
ESB,MLX,10
BRU,EXT,1
SFO,SDF,58
CMN,OZZ,10
PWM,JAX,4
CTS,AXT,1
DMB,AKX,2
BSB,CNF,565
NJF,DAM,1
PEK,DLU,16
ATH,ATH,3
SYR,LIT,1
MSP,BZN,5629
DEL,VGA,133
COU,LAS,2
TLE,TNR,93
PVD,ZRH,2
RAO,GYN,14
BCN,HAJ,104
SXB,BIQ,3
BGY,FRA,1
XDB,QQS,7
SAR,TPE,32
XMN,RIZ,2
VIE,KLU,1045
YXU,LAS,5
AUS,BUR,24
PIE,TOL,3
SIN,DRW,80
SAV,DFW,5725
AMS,CMN,244
SHA,URC,14
CHI,ICT,1
TLV,BEG,26
LGW,CKG,3
BET,NUP,5
SVL,HEL,4
SYD,LDH,12
DOH,AMM,301
PEK,XSP,1
OMA,SAV,1
DMK,TPE,23
EBB,DXB,648
PHX,POA,1
NRT,HRB,4
KUN,SNN,3
ORD,PTY,1201
GYD,ISB,1
BON,AMS,25
BOD,AGP,2
BRU,DXB,737
AMS,TRF,317
ZRZ,ZYP,1
DAR,BLZ,1
FRA,DMM,2809
AVL,CVG,1
GMP,HND,4991
BCN,CAG,6
BOS,SEA,35595
LAX,ONT,6
BUD,BEY,1
MHT,CMH,10
PNS,ATL,46901
CAG,VRN,12
LPL,BCN,155
DEN,JAN,2
ELP,AMA,28
LLW,DAR,24
GDL,MCI,2
MAD,CGN,74
SJU,MSY,4
APW,NAN,198
YIO,YAB,15
DEL,TAS,8
HOU,DSM,1
MUC,HAJ,5333
CRP,DAL,403
LFT,MHT,1
DOH,ATH,347
EMA,AGP,33
TAE,FUK,3
FPO,CLT,175
AMS,ARK,1
BUD,SKG,1
HEL,IVL,142
YQG,YTZ,2601
CGK,DTB,10
CUR,JFK,31
SNA,DAY,1
ALT,HPN,1
IWD,ORD,38
LIM,BJX,1
HRG,DUS,2
PIT,AOO,55
COD,RNO,1
CAI,HRG,67
SXF,YYZ,1
AZA,NYC,1
VER,VER,2
JHW,PIT,21
MHT,SNA,4
REC,PTY,45
TRC,SVQ,1
LCA,LBA,4
DPO,LST,4
BHX,MXP,876
PAG,MNL,3
LTN,KIR,44
BWT,KNS,2
SQL,BUR,4
DUB,PMO,10
DAD,PHX,1
CPT,SAO,1
LHR,KEF,1893
JNB,DOH,878
MUC,INN,5
BHX,MUC,3345
MAO,SFO,1
MTY,MZT,30
BOM,LKO,127
BWI,SAV,8
ATY,DEN,74
BNA,EZE,3
PER,ULN,1
TAM,IAH,1207
MLE,AUH,35
SHA,LZH,22
AGA,ARN,1
PHL,ALB,15311
FLL,IND,1197
CLO,LGA,1
AQP,IAH,2
GOH,KEF,30
IAD,DUJ,229
CLT,DUB,1279
HAM,CDG,9773
MRY,YUM,6
DCA,YYC,2
WAW,DUS,1539
PER,TAO,1
CDV,VDZ,2
PEK,WUH,1339
WAW,STN,3
SKG,DME,13
BKK,BWN,33
SZX,CGO,39
FRA,MRS,1040
ORD,PVR,541
ROC,MHT,3
MCO,CUN,529
LGB,LAS,7362
Nurnb,HAM,1
CGN,SJJ,7
MSN,PHL,8
SBN,SYR,1
MIA,CCS,1531
WRO,MIL,1
HSV,ORD,4563
MAD,LAX,512
TEGEL,ORD,1
SHO,JNB,432
TXL,GOT,1126
HAN,ICN,1350
DBO,ESS,1
BAH,ATL,1
SIN,NRT,25223
MCI,PHX,21999
YMQ,CLE,1
BEG,IST,407
RNO,PHL,44
NAP,TRS,2
VIE,BER,2
QKL,QKL,1
TNA,CTU,36
ADD,HAH,2
SLC,VEL,41
JFK,DAB,265
MSP,JLN,4
PTK,SAN,1
IAD,LOS,5
PVG,TVS,13
OGG,YYC,32
PNR,DLA,1
CXB,DAC,14
YUL,YWG,7001
MRY,DTW,1
RIO,LON,1
DFW,LCH,3678
SOF,BGY,17
EDI,LIS,30
ZBM,ZBM,1
MLA,EDI,6
HHN,ALC,2
AMS,XPG,8
DBV,PUY,1
PTY,ATL,2663
DME,VIE,435
SEA,ANC,42400
YFB,YVP,43
ALA,KUL,21
CMH,ORF,9
MHT,RNO,4
OSL,HAM,222
BUF,TPA,1159
CUN,CZM,63
SYX,XIY,2
VQS,SIG,101
XIY,TSN,27
SAV,YQB,4
DAT,SHE,2
ARN,NCE,194
MAN,NAP,6
LED,HAM,22
FCO,BRU,2263
PDX,BIL,1124
SEA,YKM,4919
MARIS,TOCUM,1
MKE,SJC,233
SRQ,IAD,9
MAN,STR,76
CFS,SYD,2495
HLR,DEL,2
ATQ,DOH,17
AYP,LIM,75
DAL,FNT,4
GDN,CPH,971
SBA,AUS,2
AUS,MOB,1
HND,PHX,8
CLE,GSP,15
MKT,BUF,1
ZCL,DFW,143
PRG,BSL,5
PVH,RBR,41
JFK,KMG,8
CZS,RBR,4
Köln,HAM,1
SAN,YOW,1
KWE,XIY,2
PLS,YYC,2
HAM,THE,1
YVZ,YPM,1
TLH,BWI,1
YIO,YFB,82
BHX,NOC,38
SAN,KOA,216
LHR,MME,1
ALC,HAM,16
MOW,IAH,1
MSP,NYC,74
LON,CMN,1
OOK,BET,3
GZT,IST,506
EVV,DTW,9064
DNH,PEK,10
GYE,AMS,135
SFO,POS,1
BHX,LAS,1
GSO,FAR,2
ROC,ORF,1
MSQ,LED,52
TSF,MLA,1
OAK,LBB,1
ABQ,MCO,420
BLQ,MAD,410
BUD,DTM,4
FMY,EWR,2
BLV,PIE,5
LIR,YYZ,43
MUC,GVA,4050
VIE,MUC,5970
BIQ,DUB,7
STN,KTW,66
SEA,DHB,2
DFW,GCM,53
MSP,BAH,1
SCO,TSE,40
GAJ,HND,105
FRA,RAK,145
NIM,ALG,11
OAK,PUW,1
ARN,QYU,2
YYU,YSB,1
ARN,VAA,794
SKG,SXF,7
KKH,BET,1
PBI,ATL,94943
PHC,NDJ,9
FUK,PUS,68
PDX,BLI,1268
SHA,SCE,1
SAL,BZE,126
YQC,YVB,1
SJC,DSM,9
MGM,TRI,1
CPH,ZAG,22
CJU,BKK,1
BLQ,BDS,35
YOW,FWA,1
BWI,TRI,1
TPA,TLH,1564
INN,EIN,11
DUS,TFS,40
DAB,EWR,1
FLR,IAH,16
PSA,MAN,17
LJU,KRK,2
LBA,PAR,1
ITO,MSP,1
CPH,KEF,1677
YUL,TUN,9
ABQ,SAN,3159
ANC,IAH,438
YYZ,YMY,3
MHT,JAX,20
WBB,SMK,5
MIA,BDA,2150
SCQ,PMI,6
BWI,CMH,13697
NSI,DKR,1
MXP,JED,26
TAS,CDG,2
AMS,SIN,3149
QQU,WAT,1
YUL,MAD,12
LHR,JTR,53
FSP,CDG,1
TUL,IND,10
CGN,LHR,4059
PER,DOH,1255
BNA,SYD,5
BDA,ATL,2785
ADD,ENU,17
YKM,PHX,2
TRN,CRL,10
ISB,YYZ,1
DSM,BJX,1
KKI,BET,1
CPT,FRA,232
BCN,STN,608
MNL,EWR,2
MSY,IAD,5479
SJO,LIM,528
YEG,YCB,32
BLQ,AHO,2
OPO,MAD,1648
DEL,MIA,1
PVG,INC,30
AGP,BCN,898
CPH,BGY,105
MRN,HKY,7
HAK,TPE,27
CRW,IAH,1647
NAP,LPL,3
QOW,LOS,5
ZLP,QZB,1
CVG,HBG,2
SOF,OTP,387
MUC,PHX,17
ATH,LHE,1
ICN,CRK,302
PHX,FLN,1
VER,MEX,8831
UKY,JFK,1
YYZ,AMS,6709
KMG,NGB,7
LUG,SIR,4
ORF,LGA,8281
UIO,PHX,14
TPE,JJN,10
FCO,VIE,735
QFB,FRA,9
YZR,YYZ,1697
CAN,HEL,19
RNS,CDG,1793
HET,TPE,6
YVR,TPE,500
DUR,MPM,8
FRU,TAS,1
GJT,IND,3
DUB,DUB,9
EFL,LGW,2
PIT,JHW,22
SKG,OTP,18
LIS,AMS,3183
CDG,RNS,1899
AGP,BRU,191
NBO,COO,19
LAX,LTO,141
VNO,VIE,98
BRI,LIN,1525
CGQ,KHN,2
SFO,TCH,1
OSL,OAK,71
ORD,KEF,461
MCT,MXP,107
CMN,ERH,12
MSY,PIA,1
BER,BRU,3
YEG,YZU,6
YVR,YKA,5599
YAB,YRB,20
SVG,KSU,1
ATL,DESTI,1
LJU,MUC,605
FRA,CAI,1757
YGW,YUL,49
SAW,KYA,14
SPN,HKG,3
PHX,REP,1
SYR,HPN,3
BWI,DRO,1
SEU,DAR,1
VIE,XGZ,1
TSV,BNE,10456
TYS,SFB,90
ANI,ANC,79
YGR,YUL,52
STN,SZZ,9
MGM,SHV,6
SXP,BET,2
EWR,SJD,238
ATL,SJD,1074
GRK,LAX,1
VTE,ZVK,2
CHS,LGA,4623
TMP,BUD,1
YKL,YVP,9
TNA,SHA,100
HKT,CAN,17
YQG,YXE,2
ICN,NRT,9219
MDW,ORD,2
TIA,IST,201
BRU,TFS,10
KTR,TCA,19
XQA,XOC,6
ANC,ANC,83
TRZ,KUL,11
TSR,FRA,1
IST,GYD,544
FUO,PVG,1
TSE,LHR,214
PBI,XNA,3
CAG,PMF,2
CDG,HER,20
KMG,SYD,6
PEK,LAS,11
PBI,GIG,1
IAH,DME,1017
GRU,JFK,11054
MYR,PHL,733
CGN,CGY,1
DEL,VNS,186
SFB,BTV,439
LAS,LAW,2
STI,BOS,36
SCL,CLO,1
CID,FAT,1
IST,SOF,484
PGF,ORY,368
AAL,CPH,3415
LOS,ABV,313
ECP,ABQ,7
MGM,DFW,3775
PNS,RDU,17
SAT,CKV,1
TAO,CSX,16
CNF,CGH,3190
TLS,MAN,58
NAP,DFW,5
NRT,FCO,169
CDG,REK,1
HYD,RPR,6
SIP,SVO,11
HKS,SFO,1
URY,RUH,21
MSP,MBS,2018
HNL,CTS,10
CDG,BGF,167
SAW,PRG,12
HKG,CHI,4
DEN,ATY,73
IQQ,SCL,863
VRN,AMS,42
YHZ,ABE,1
HND,WKJ,4
YWG,YUL,6956
ALA,ALB,1
DME,LCA,5
HNL,BOS,4
GRZ,STR,241
SFO,RSW,7
BMI,ABI,1
UIO,CUE,585
ULN,CPT,1
HKG,SFO,32398
AUH,HKT,32
MPM,INH,155
PMI,ALC,131
LIH,IAH,10
YNY,YBZ,2
SBZ,NUE,1
SMF,MCI,235
XGB,ZFJ,1
BWN,SGN,16
HKT,WUH,2
MFE,SAT,3
DFW,CCU,1
OAK,SLC,24592
IST,LGW,713
DFW,BDA,2
VCE,ZRH,708
JIJ,ADD,15
YYT,YTZ,1
ICT,MSP,10534
BWI,DAL,14070
BUR,CLE,3
QQP,PLH,3
KOI,NRL,2
KIN,MBJ,89
HYD,AUH,2117
ZZZ,BLR,1
YXB,YYT,2
STL,MDW,42011
BUF,YOW,1
BSB,UDI,17
BAH,MAA,16
RMA,DOH,1
LIM,PEM,21
VER,JAL,2
MCO,SNA,80
JFK,PBI,3780
HGH,KWE,7
WAW,GLA,9
CKZ,ESB,21
FRA,EZE,866
CMH,AUS,164
WAS,TXL,1
NOU,PPT,9
SAT,EZE,2
LUK,BRL,1
KWE,HKG,14
BOS,LAS,12548
REC,PNZ,71
DEN,BWI,30560
VCE,OLB,7
ELI,GLV,5
HLH,PEK,8
RNO,IAD,2
PHX,PAH,1
LAX,PSM,1
IXE,HYD,3
NES,SEA,63
PHX,MEM,3266
LAX,FCO,473
BSD,HGH,2
SNU,MIA,23
SFB,MFE,1
EDI,NWI,1174
SCE,IAD,3969
POM,SYD,249
DMM,PHX,2
GVA,PAR,24
JAX,CAK,4
PNS,CHS,3
LRM,PUJ,2
SLC,MSO,5541
NCE,MSQ,2
ROS,EZE,210
KEF,ZRH,109
CLT,TLH,7537
KEF,EDI,52
FCO,PSR,12
SNN,DUB,1
LGA,MTJ,20
LYR,OSL,108
DAL,LHR,1
OKC,SAN,80
BSL,STN,76
CLE,PHX,4244
DUS,HAV,2
KWE,TSN,1
BSL,AMS,4402
ROK,MKY,278
LHR,COU,2
YTO,EVV,1
FAK,AIR,7
GDL,MTY,9319
YTO,FRA,1
TNR,SVB,34
LGW,OLB,21
DFW,SCL,4821
MIA,GUA,4504
NSI,CMN,15
CAY,BEL,21
JAC,JFK,32
AMS,SOU,2194
AMM,BOS,1
PPT,BOB,227
YYC,SAN,632
GUM,FUK,94
BDL,SEA,30
NAP,STN,82
STO,LGW,2
NAP,AMS,149
ABE,ATL,16763
TNA,HKG,34
STL,UIN,480
ALG,NIM,8
ABJ,CDG,2059
CNS,HID,129
WLG,SIN,10
CHC,HLZ,67
CKG,JJN,1
CAN,PER,175
KEF,KEF,3
CVG,BKG,1
SLP,BJX,3
VIE,VAR,306
HGH,PVG,12
CTA,ORY,22
MCO,SXM,2
ONT,PIT,48
LGW,FLR,560
NRT,AUS,8
SFG,PTP,96
ROB,CMN,176
NHV,WAS,1
DEC,STL,29
SOU,EGC,7
DEN,ROC,2
GRU,GIG,3698
KRK,RYG,1
ABQ,ATL,16066
BZN,EWR,295
CLT,PVD,24273
CAN,ADL,17
GSO,RIC,1
ATL,YUL,18668
MCO,MDW,13059
MAO,FOR,20
BEB,INV,34
IAH,HSV,7018
MUC,BOM,1399
ATH,IEV,1
STN,XRY,2
YYC,MCO,390
DPS,PER,228
SAV,PHL,1722
ANC,LAS,56
AEP,VVI,89
EZE,PUJ,9
LAS,PVR,1
GEG,LAS,2971
GIC,HID,3
BHB,RDM,2
ATL,ULC,1
BOS,TLV,344
DFW,DUB,4
IND,BOI,11
YKT,ZEL,9
LHR,IBZ,47
DFW,SFO,102642
YOW,Pears,2
YYT,ATL,1
PHX,PRG,17
HKT,SVO,11
HND,IZO,28
LCJ,DUB,5
BHH,JED,6
MCO,OSL,3
PIE,FSD,2
TRD,TRF,86
PER,SGN,1
BWI,ONT,123
PSP,MCI,1
YHZ,YOW,7736
JFK,PTY,1663
RDU,OMA,12
ZRH,SSH,4
SCQ,CDG,22
ICN,TSE,18
STL,MKL,93
OMA,AMA,6
JJN,SHA,7
HKG,PVG,21985
AOO,PIT,69
LIS,HEL,32
DXB,SIN,7396
ALB,PIT,114
FUG,CAN,2
OMA,DCA,4636
MLX,IST,79
GRU,UDI,264
DEN,PIT,14973
NAN,PER,1
SIN,WUH,87
MSP,BOS,61797
CAH,SGN,61
RUH,CDG,1935
RAO,UDI,2
GVA,BKK,1
ARN,ADD,6
GVA,DUS,1972
SOF,STN,115
TFN,SVQ,96
KEF,ABZ,17
SMF,TUL,3
LOS,DXB,1009
REX,VER,5
OPO,YYZ,16
SFO,WAS,2
MGB,MEL,671
CMN,PER,1
PIE,MSP,3
LHR,SFO,62181
CTU,LXA,35
LGA,CLE,32068
PEN,USM,5
GUM,SPN,1347
BOD,LPL,1
IAD,EVV,1
CWL,LON,1
ONT,LBB,14
TGU,SAL,1047
IND,PGD,8
KTW,NAP,4
LRM,YYZ,1
DAR,PEK,1
LAX,AUS,33679
BER,ZJS,1
YTO,PHL,1
PIT,RDU,5402
STR,MAD,144
JNB,ATL,8354
LHR,SZG,22
DCA,NYC,7
EWR,BWI,6446
LAX,TPA,7235
ANC,LAX,1194
Taiwa,SIN,2
SJC,BNA,207
STR,GWT,2
PSP,SFO,10297
AUH,IAH,5
CLT,DEN,37631
MGA,IAH,3283
CWL,WAW,1
SQL,WMC,1
SDF,SMF,15
TSF,DUB,18
BLG,KTW,1
SIN,CJB,514
PEN,RGN,1
BFF,DEN,636
AUS,BEL,1
TXL,QYG,1
KTW,STN,50
GVA,TSE,3
DUS,TYS,1
KUL,PHX,5
CHS,MEM,2
ABQ,MEX,1
BUD,EDI,86
SPA,KAS,1
TRI,IAH,3
SLC,SGU,6807
BOD,IST,27
BRU,SZG,21
NDJ,ABV,21
IAH,MLM,144
LIS,LUX,183
SCL,MVD,503
DFW,RAP,2247
DMK,UBP,4
CKY,ORY,2
STM,BOS,3
HET,KMG,1
DFW,CUN,3748
GEG,RDU,1
HAM,MRS,4
DKR,RAI,23
BWI,LBB,3
FLL,GRU,2
YZV,YBG,21
ATL,XNA,26368
JAE,LIM,14
TRV,DXB,402
BUR,EUG,1
MCO,YWG,72
MIL,MIL,1
BHX,LON,1
ATL,ECP,22834
KRK,NCL,1
SNP,ANC,84
IPH,JHB,13
DJJ,DPS,6
EWR,CLO,1
YRL,YXL,520
NRT,DEN,7980
MAD,MEX,2798
MCT,DAR,14
FSC,ORY,59
SLC,IDA,10651
STP,SFO,1
BGD,YYC,3
KWI,BLR,22
TLV,THR,1
ROM,BUH,1
ANC,OME,671
MTY,HAV,4
BET,EEK,2
PHX,MSP,76802
DAL,OKC,13365
HOU,BLD,1
FRA,UVF,1
DEL,KMG,7
LHR,BOG,604
PTY,LAS,369
PAR,FKB,4
CKG,WNZ,2
BKK,JAI,1
TSN,XIY,55
CUN,MKE,57
LHR,CHS,3
CUN,MCI,59
SBP,DFW,1
LBV,POG,39
PMI,TLS,1
DFW,DUS,3
YVP,YKL,18
FAY,ORD,1
VNO,TLL,185
NNG,HAN,2
DFW,PBI,15092
MXP,IBZ,9
BUE,ORD,1
AOR,SZB,39
ALA,AUH,22
BNE,NTL,10689
JKT,SGN,1
RSW,AUS,8
AUH,SYD,2619
EBL,AMM,206
YUL,YTO,6
LCA,DOH,106
IAH,DET,2
YVR,YEG,33887
BKK,TDX,13
CGK,BKK,1001
DTW,PHL,67583
CDG,MRS,4140
PHL,AMS,4487
MLI,HSV,4
LDE,CDG,1
BCN,RIX,36
BNE,OOL,1
JNB,WAW,1
FUK,MNL,50
ENY,PEK,1
SGF,BWI,1
DAY,AUS,2
MIL,STN,1
CLO,MAD,36
ABJ,DLA,18
TXL,NBO,1
CVG,MBJ,2
EIN,WAW,20
TPE,FUK,129
MCT,CAI,42
FAT,FAT,2
YYC,YLW,7247
GSP,IAD,6711
ZIH,IAH,83
LAX,JAN,1
LYC,ARN,22
LON,DFW,5
VCE,CAG,1
MRS,SXB,381
SHL,CCU,2
TRD,PHX,1
SIA,HKG,1
STL,PHL,30496
KIX,MSP,6
JAX,CAE,28
AYT,ZRH,21
DOH,RAK,4
MEM,HRO,405
YHZ,IAD,2
GZT,ECN,3
AUS,YUL,4
GOT,SPU,1
MSP,QRO,3
CHQ,MUC,3
VCP,CGH,22
ALG,BKO,3
CSX,TPE,28
MEX,IAD,3354
THR,PER,1
DXB,EVN,359
HYD,JLR,7
HKT,SHA,1
BEG,VIE,699
CAN,HIA,9
HOU,DAL,86593
MKE,CHI,3
XPJ,XDT,2
Atatu,HKG,1
BPS,GRU,78
RPR,HYD,10
STP,HSV,1
GVA,AHN,3
PWM,MSP,14
KMG,DIG,6
TBS,HAN,1
BRE,CDG,472
FNA,ROB,1000
DEL,NAG,73
LYS,BER,1
DUS,BLL,134
BQK,MSP,4
ALC,SXF,2
ACY,FLL,308
PSP,TPA,2
EWR,SEA,118335
RDU,SDF,41
OKC,PHX,4919
CGH,GIG,2027
LHR,TPA,15
YMQ,AZA,1
BJX,HMO,1
MII,JTC,48
REC,CNF,121
KRS,AKX,3
RHO,MXP,2
MLH,LTN,1
PVD,CUN,1
ZFN,YVQ,5
DFW,SAV,5197
SFO,VIE,1
BWI,VPS,1
GAJ,PVG,1
MAN,MUC,3544
TIF,ASM,7
FAO,LPL,1
SIN,TSN,7
MRU,SEZ,24
DMM,AMS,1188
PIZ,PHO,1
LHR,CGK,115
STL,MAF,4
BUF,ATL,24258
WAS,SAN,2
MUC,AUH,461
DUS,GOT,532
EBB,JUB,36
CGO,XNN,3
BOI,BUR,67
MXP,FLR,1
NTE,OPO,13
SGC,SVO,46
Airpo,MEL,5
MPM,UEL,84
EDI,STN,4783
ZRH,AYT,18
TUL,BNA,44
SBA,SEA,1716
NGB,SHA,2
SJW,TSN,1
KVA,ATH,16
Santo,ATH,1
DTT,DSM,1
NAS,KIN,23
SCO,ALA,95
TNA,WUH,17
WUH,NNG,52
MHT,BNA,4
SIN,PLM,20
IST,DIY,45
CCU,CDG,1
ALB,IAD,6815
LAS,YUL,3798
TBN,STL,98
BOM,VNS,41
IAH,EVW,12
ONT,ORD,9
SZG,PMI,5
NOV,LAD,5
BKK,KWI,13
BOM,IXR,6
GSO,LEX,4
ICT,CZM,1
ABQ,BUF,1
GSP,FLL,31
EZE,LON,1
PER,BFN,1
GPT,TRI,1
TSN,TPE,50
DEN,ATW,1
yul,yyc,1
BFL,YXU,2
ABQ,SJC,327
LAX,SAT,16906
YWG,YIV,437
WAW,NYO,1
SPU,ORY,5
MEM,SMF,1
VCE,YYZ,213
PDK,LUK,5
EUG,PDX,4426
GRB,MOB,1
JAX,STL,206
BRU,MAD,4006
YUL,GLA,5
PHX,YQY,1
AGP,MAD,1015
MUC,SOU,323
DEN,SYR,1
CVG,EZE,1
PEK,ISB,32
PHX,BRO,2
GJT,TUS,1
PLM,CGK,59
BGY,WRO,69
CLT,ISP,2
SGN,ICN,1334
LON,ZNZ,1
MMU,BKL,2
FAO,BHD,3
ICT,PDX,1
ACE,MAD,109
JLN,OKC,5
PER,EWR,2
YYZ,XIP,1
SKG,JTR,1
ASB,GYD,92
STN,FKB,118
FRA,GOT,3155
LPA,AMS,43
ORF,JFK,2901
XIK,XRJ,2
LEX,MYR,2
PRG,HAM,291
FDF,SFG,28
LAX,AIR,2499
KRK,DUS,9
IAH,CTG,1
PXO,FNC,1
FOR,GRU,1313
LUX,NCE,23
RDU,LIT,8
HAV,SVO,5
ORK,NCL,53
SMF,GDL,157
TXL,DUESS,1
KMG,TSN,16
ITH,PDX,1
JAX,STP,1
XYD,CDG,237
ABV,ABJ,2
YYZ,SFO,28238
YYC,BBA,1
JOB,CGK,1
IST,IZM,1
IST,KHI,103
YTZ,XLV,2
AMD,BLR,131
CGO,KMG,3
PMO,BRU,5
AUS,YLW,1
DOH,NJF,135
RTM,VIE,41
YJB,XOC,18
PHX,CRP,1
IAD,CVG,6323
ARN,RHO,1
HKT,HKG,470
ESB,ERC,5
ALG,CDG,2822
CID,DEN,8010
DFW,GGG,2119
PEK,CJU,27
HSV,TPA,7
CNJ,BNE,88
PEN,CAN,336
MDG,ICN,4
KWE,ZUH,4
AUS,SCL,1
CLT,PHF,13930
ADL,IAH,3
LET,LON,1
SYR,IAD,5186
WUH,DFW,1
FSD,BTV,2
LAS,PHL,26525
VGO,AGP,1
YCD,YYZ,2
HEL,GVA,223
WUX,HKG,142
SBG,KNO,1
TTN,ORD,109
ICN,SYD,1485
MEX,TPQ,314
PEK,TUS,1
GYE,MIA,1645
ZSJ,YWP,1
LTN,SPU,8
PHX,ATL,83948
ISP,TUS,2
MIA,VVI,342
BUD,VCE,3
GAJ,ITM,10
SMF,SNA,40089
AUH,DUB,913
CAN,JJN,13
GYD,ALA,19
STR,SKG,41
GEG,PHX,5810
MJV,STN,17
GSO,SAN,1
FNA,AMS,2
DFW,SAF,3926
SAN,SDF,154
MEX,SMF,45
CIA,WRO,2
HDN,ATL,165
PIT,PEK,1
YVQ,YGH,11
XNA,FLL,3
DCA,CMI,1
YOW,YYB,1
IND,NYC,1
BIO,PMI,32
CTS,TOY,1
CHC,IAH,2
CVG,VPS,6
TPA,IAH,23406
SHE,PEK,875
SXM,CUR,131
YXE,YSF,25
HNL,MAJ,869
BHD,GLA,1993
LNK,MEM,1
KIX,NRT,1052
Pears,YOW,2
OME,WBB,4
JFK,ARN,1047
LHR,TUN,149
BAH,COK,6
AUS,SFO,41972
FRA,QDU,201
MEM,GSO,1
FCO,ZAG,20
BOI,LGB,3
GND,SVD,20
ATL,CRW,14656
DAL,BOG,1
IND,EYW,1
CUN,YWG,10
JFK,CMN,621
BOB,MOZ,13
DVO,SIN,85
SBN,TPA,1
SHA,LYI,62
BTS,BOJ,1
SAT,DAL,47557
ZTB,ZLT,6
LEJ,ZRH,171
BUD,STR,226
BCV,BZE,3
IKA,DXB,827
LBB,BUR,1
SLC,BWI,11655
DUI,ZYA,1
PAR,BER,3
DGO,MTY,97
DTT,MIA,1
LAD,JNB,465
PHX,DWC,2
YWS,IAH,1
PIE,DCA,1
GVA,ORY,1168
BOI,DCA,1
HSN,LYG,1
HKG,HGH,1262
HGH,KWL,2
ZRH,HKT,3
VKO,POZ,1
BKK,SFO,3
CGH,NVT,449
NLC,TRE,1
DCA,CHA,1318
SUV,APW,4
Charl,MLE,1
PBI,PHX,20
BIL,OAK,1
BTU,SBW,5
GSO,SDF,3
SDF,ABI,1
BRW,ANC,847
YTZ,YAM,1938
JFK,GLA,3
KZN,UFA,5
TPE,IST,216
ABE,CLE,8
GIB,MAN,23
BNA,CVG,6344
FWA,PHX,1
TUS,GLA,7
SJC,ELP,66
BHX,WAT,1
RVR,WIL,1
PNH,DEN,1
YTO,DTT,1
SJD,MEX,1644
OXB,DKR,53
JMK,CGN,2
BGY,VNO,12
MEX,SEA,7
AZA,SJC,70
MSP,BTR,7
DCA,RIC,9
DMK,KMG,1
LAX,MCE,154
SXF,SKG,7
MEX,MTT,2320
BOS,RDK,1
GPZ,IAH,1
HYD,MAA,1576
DAD,VII,1
YEG,PDX,2
BOG,BUN,16
ABI,PHX,1
FSD,HSV,5
SPI,SPS,1
TSF,CRL,10
LIL,NCE,148
EOH,UIB,3
GOV,DRW,467
RIC,PHL,21268
PNT,SCL,3
TPA,OKC,11
JHB,KUL,429
RSW,XNA,1
HGH,WEF,6
DTW,JNB,22
NCE,CDG,4755
LNK,GSP,1
VGO,DUB,5
TSN,MFM,5
TSE,URC,3
MMU,MIA,1
AOI,CTA,2
ARN,SJU,1
MOB,ORD,1327
ABE,MSP,13
ALG,ABJ,1
BDS,MUC,5
KUL,UPG,1
DFW,MTY,15697
SFO,BCN,47
SDF,MSP,13749
LIS,MXP,756
YBZ,XDQ,265
RGN,CTU,1
JAN,BKL,5
SAW,GVA,9
PVG,IST,265
BEG,BRU,69
RNO,LFT,1
BRO,REX,1
TWU,SDK,4
SNN,WRO,13
SIN,PNH,799
MDG,DLC,5
LIS,MUC,1828
BKK,KUL,2870
TLL,DUB,16
LGW,FRA,4
MAD,CUN,23
LGW,LEI,11
GVA,MEX,11
AMS,QNQ,10
XFY,XAX,2
DAL,CHI,3
CNS,TSV,1865
DME,NOZ,10
MXP,SXF,94
DFW,DCA,80652
SZG,FRA,2978
FRA,MSQ,404
ALA,TBS,25
TLV,LTN,390
PQS,BET,31
CVG,ORD,71926
OAI,DXB,1688
SLC,CDC,895
SHA,HAK,1
BHX,ABX,1
MVL,HPN,1
BEG,BCN,1
LUN,ADD,170
GSO,BHM,3
YOW,YEG,1886
CLO,PSO,158
ADD,BOM,204
OMA,CLE,10
SDQ,SXM,138
SKG,CPH,2
MCO,MCO,34
ALC,ARN,16
PER,ZNE,21499
MAINC,9:4Bp,1
AGP,TXL,21
DMK,HDY,12
KRR,DME,36
SLC,NRT,110
COK,CCJ,1
TOS,EVE,3
COK,BLR,222
TBS,TSE,4
PER,AMS,1
SCL,ATL,4914
SIN,Bomba,1
SEA,GTF,1684
JDZ,PEK,24
DTW,BOS,72710
AUS,RDU,482
CCU,IXB,47
CMN,NBO,38
HOU,MCI,8875
ZHA,BKK,1
DEL,SJC,1
EDI,CIA,32
YWH,YPK,10
YEG,IAH,4221
ZRH,AMM,12
ROC,SAT,17
BOS,SCE,2
MLA,TUN,6
CGK,SYD,869
SYD,WLG,3682
lga,msy,1
LAS,TPE,3
FCO,PSA,514
YEC,YBZ,1
YVR,NRT,2709
MCI,YVR,3
MEM,ILM,1
EDI,INV,5
DTT,SDF,3
EUG,SAT,1
LBB,SFO,1
VIE,EVN,248
LAS,LHR,5399
BKI,JHB,4
MSP,ISN,2616
ICT,PHL,38
MAA,PNQ,1654
GEG,SJC,25
ABZ,PHX,2
BTR,PHX,7
ABJ,BOY,2
HGH,TSN,31
CTA,MAD,5
CHO,IAD,3402
HRL,DEN,13
ENC,ORY,2
PDX,DAL,1677
JHB,IPH,13
BIQ,LYS,350
ATH,LGW,187
CNS,MKY,136
KRK,FCO,10
FRA,XIU,2
XMN,KUL,59
SLC,BTM,2164
DUS,TUN,8
CTG,PEI,8
STN,PFO,2
SFB,ATW,4
STL,EZE,1
IAH,YVR,3909
SRQ,YYZ,115
NBO,CMN,24
EZE,MIA,11122
SFO,SAN,87579
ATL,HTS,1
PVG,HFE,180
NOC,BHX,32
PMI,FMM,1
DCA,BUF,5734
COU,LAX,2
SWA,PEK,32
SVQ,MXP,3
BRU,RTM,7
CCU,KUL,1
MSQ,VNO,13
ABZ,LCY,732
TGD,CDG,9
AVL,GRR,2
KBP,MAD,6
MSQ,WAW,161
DFW,SVQ,1
LNS,PIT,109
MAD,TPA,9
EDI,AUH,282
PVK,MAN,1
CMI,PHX,18
FLR,EWR,2
LHR,PNE,1
DTW,BUF,19699
PMI,ORY,72
MSP,CAE,5
SGN,UIH,71
BOS,PDL,74
MFE,MSP,3
FRA,ATATU,1
CPT,MAD,1
MAN,IST,572
ASB,IST,177
TEL,TEH,2
LAX,DCA,20082
EWR,MCO,47302
IAD,DUS,2
MEM,MCO,3126
PEM,CUZ,42
ORL,IAH,2
MUC,POZ,1702
JFK,PIT,8951
KME,KGL,24
ALC,CWL,2
LOS,NBO,190
PNS,PNS,8
XIY,CSX,15
IAH,TYR,2
NYP,BWI,12
DUS,MLA,5
BUR,BHM,1
GJT,DFW,3499
VLC,LPA,4
PWM,RIC,4
BOG,JFK,3197
KUL,PUS,3
IOM,BRS,15
LAX,CKG,1
ROC,ABQ,1
IAH,CAI,3
RUH,RAE,75
CAN,SHA,2162
NCR,BUR,1
RCU,COR,5
LBS,SUV,10
MSP,PVU,2
CPH,FAE,61
CVG,MCO,9311
SSG,SIN,1
GSP,PHX,20
SYR,FAY,1
SKG,MUC,489
ADL,MCY,22
CTU,HIJ,2
SMF,PIT,22
OAK,MSY,1696
AMS,TCI,1
MSP,BRD,2831
TUS,HND,1
BNA,SJO,1
SAN,MSN,1
YIW,HKG,6
VPS,TYS,1
GRU,DUS,1
MRU,FRA,45
YYR,YDF,693
DLA,LFW,103
FLL,TTN,74
BGY,SCQ,2
REC,MAO,1
VIE,FCO,754
CDG,CUN,93
HAN,SGN,1830
AMS,BGO,726
PIT,BKL,1
IAH,AGU,1028
PDX,BWI,412
DXB,PIE,1
JIA,DAD,1
ATH,MEM,1
VRN,MIL,1
DXB,MEL,4555
CUN,TGZ,10
IAH,MTY,22314
MAA,LHR,2720
CMH,PWM,8
EWR,BGM,1371
VPT,SBC,1
OLB,MAD,2
BPT,DFW,2917
MKE,YVR,5
HKG,BWN,105
SAN,LHR,7294
TYS,SGF,1
GRU,MSP,105
ALC,SVG,1
YAM,YYZ,5046
IAH,DAR,2
VNS,HYD,15
KGL,LOS,67
SAN,ABQ,3028
PAH,ORD,3002
NYC,SEA,3
XIL,PEK,2
LTN,GLA,1449
LGW,PHX,3
NHV,PHL,2
EZE,NYC,2
DEL,GAU,144
MKE,ATL,74633
ZRH,BOJ,1
BRI,ZRH,33
AZA,MDW,1
HEL,SAN,2
TLV,PHX,34
DSM,MDW,69
HSV,MOB,3
SEZ,JNB,48
BRI,TRN,49
ONT,DTW,4
PIT,RSW,651
CDG,ATH,2017
FRA,IST,2203
PHX,SDF,4411
LIS,GVA,937
KIN,JFK,627
CLE,IAD,18025
WUH,LCX,1
GJT,ABI,2
LGA,EYW,1
DOH,KTM,1027
IUM,ECO,234
TUL,MCI,34
XUZ,DLC,4
SVO,AGP,35
AMS,EMA,262
PRN,TXL,1
NLD,MEX,1011
MAD,BOD,274
NYC,AMM,1
DUS,HEL,688
DEL,MAD,14
YTS,YAM,12
AOJ,HND,184
SEA,KAL,1
VCD,SSA,1
IND,IAH,15359
MAF,DAL,10744
TLC,MEX,6
SNA,DFW,84141
DCM,ORY,78
RDU,ORD,45078
PAR,IDA,2
COK,DOH,306
NAP,LIN,3517
TRE,PHL,1
GYD,KZN,1
LPA,HEL,1
MEX,NYC,5
PHX,MPL,2
VCE,LUX,2
LPL,ORK,26
MCI,MAF,3
SMF,DFW,27907
PAR,QKL,2
YIH,TAO,1
LIT,MKE,4
DEN,FNT,11
GRO,EIN,11
FRA,TRN,2549
HHN,GRO,1
LED,ICN,3
EYW,MIA,3213
NYC,BPM,1
SLC,DEN,110575
EWR,MUC,14679
TBS,EVN,20
BKK,KHN,10
CMI,FWA,1
RUH,SAW,23
SJO,MZT,1
TSR,STN,15
ATH,AGP,1
ATL,TRI-C,1
DEN,CHS,14
LAX,TOS,1
TLC,TPQ,12
RBY,FAI,18
CDG,TLV,3330
WEH,NKG,1
DUB,OTP,195
BER,MSP,3
MCI,JLN,2
LAX,WRO,1
BHM,DEN,2259
IDA,PHX,3
CAC,VCP,48
PER,CVQ,164
AMS,SAW,406
FCO,MSQ,15
BNA,SHV,7
FAT,YYZ,1
SMR,CLO,1
CDG,SIN,2206
IBZ,CDG,5
SEA,CMH,50
HVB,SYD,159
KSN,ALA,3
MBJ,MSP,41
LAX,KEF,127
DOH,EZE,38
IST,TAS,199
MFE,DAL,1
YWG,CWL,1
MLA,EIN,2
ATY,LAX,1
COS,AUS,10
SLL,DXB,88
XMN,SIN,379
MAD,BSL,94
AVL,MKE,2
BRU,STR,742
NOC,BOS,1
XNA,IAH,5002
BCN,EDI,154
AUS,LHR,9104
DFW,AUG,2
SMA,SNA,1
KKN,ALF,3
URC,SHA,12
SZG,CDG,5
AIRPO,YVR,1
RNO,SLC,14167
CRL,HER,1
SFO,KIX,4473
BLR,JAI,235
GRB,PHX,1
NBO,HRE,237
LBA,LON,2
POU,NYC,1
ORD,AVL,4183
SJU,STI,158
MCO,MSN,91
ALG,MRS,91
PHX,YKM,2
PMO,BVA,3
MRU,SIN,40
CLE,HNL,1
SVQ,SCQ,12
CMN,EWR,1
YWJ,XLJ,1
YQB,YBC,14
SJO,JFK,20
ALG,LIS,22
GIG,IGU,152
DFW,MXP,58
FAI,ORD,163
STN,BLQ,124
TPA,TLV,6
MAN,BHD,2382
BNE,VLI,88
SJO,LAX,2447
MSY,MEM,181
PUS,CAN,40
ALC,STN,24
EWR,PER,2
BDL,SNP,1
TAE,CJU,7
CKG,CSX,11
MAA,JED,5
BWI,FRA,76
CLT,NAS,1325
JFK,DUB,9966
CEB,RXS,1
LAS,TYO,3
CGO,HET,9
BUE,BOS,1
SXB,BRU,177
DME,GYD,20
IST,ALA,264
LAX,EZE,23
YFO,YTH,15
LOS,LFW,114
ATH,NRT,1
RDM,LAX,1048
PNS,MOB,8
DMK,KIX,7
AMS,NTE,1728
YYZ,YYC,79030
TUL,SJC,11
TRI,DEN,1
MSP,TUS,2011
CNS,SFO,1
NBO,NLA,39
LIN,LGA,1
YXU,YKA,1
NRT,KMQ,133
FFT,CVG,6
NYC,LON,17
PSU,NRT,1
SJJ,NYC,2
RNO,BUR,78
EDI,SXF,42
JAU,LIM,217
SZX,CGK,9
PTY,DFW,315
BSB,AJU,4
DJE,LYS,5
COL,TRE,7
HHR,OAK,1
MNL,GES,57
ZRH,KRK,248
PDX,ICT,9
YTO,YHZ,2
MAD,CMN,454
KMG,LXA,6
YZF,YHI,3
CVG,SRQ,1
SLC,FCO,11
JTR,JTR,2
PHX,BEY,3
NYC,SJJ,2
BEG,BVA,2
WAW,BCN,365
BLL,CPH,859
DXB,TSE,34
GEG,DFW,17
RDU,DCA,30235
SYR,SAC,1
PHL,LAN,1
XMY,OKR,1
ICT,MCO,28
YUL,ATH,108
SVO,HAN,33
TYS,PIE,48
IST,MXP,598
IBZ,BCN,866
WIL,WIL,1
CID,PBI,1
ORY,MIR,8
MTJ,MSP,3
CIA,POZ,1
HAN,KHH,8
GEG,SHV,1
CPH,PRG,617
CGN,HDF,1
LHR,STO,2
PER,CGK,132
GVA,FAO,4
TPA,BER,2
SYD,HVB,129
NRT,NKG,26
BFN,DUR,38
SXB,LYS,972
HGU,WWK,2
MXP,ATH,612
PIT,DFW,26700
FLL,IAG,6
TFS,CRL,4
NUP,BET,6
SFB,MSY,2
HAM,GOT,54
JED,IST,268
YQY,DFW,1
MSO,TRI,1
MUC,PHL,3800
NKG,CJU,1
KUL,DXB,1848
KAF,DXB,1
SIP,OVB,1
BWI,BOW,2
OAK,STL,3175
AUS,PNQ,3
DFW,BMI,3264
MAS,LAE,49
BCN,ATL,2003
YYZ,OKC,4
FSD,AMS,1
LIN,AMS,7108
WAW,BRU,1905
EZE,AKL,109
LTX,GYE,3
EAS,PMI,1
SDF,SNA,10
PUS,DAD,1
KNX,BME,342
ICN,MXP,49
MDW,SNA,2589
IAD,YOW,6713
ZUH,CTU,2
SLP,DFW,6263
MID,MTY,389
VCE,KIV,2
DXB,BKK,2315
MSY,BDL,12
ATL,GRU,10340
VTE,PNH,40
LYH,ALX,1
REX,PAZ,7
BLK,QQU,1
WAS,BUF,1
LBE,MCO,206
TAP,VSA,1
HND,CTS,724
DUS,MAA,1
LTN,BOJ,9
PEN,KCH,10
SNA,BNA,47
TGU,EWR,1
TRI,MDT,1
LED,IAD,1
UIP,ORY,679
EWR,OMA,5153
ATL,OMA,33888
BNA,DAB,2
NKG,URC,1
DWC,DOH,864
CPT,MUB,10
TUN,NKC,4
YCY,YXP,1
YCL,YWK,34
OTP,BUD,622
NAP,SXF,16
PHX,UIO,14
TWB,SYD,4
ATL,EGE,523
CAN,CKG,158
DAL,MAF,10446
MJF,OSY,1
FCO,KBP,32
EWR,BON,30
ZLO,BJX,1
BUR,TUS,29
XNN,URC,2
RTM,TXL,2
VNO,MAD,3
LGA,BGR,4505
PUS,TPE,288
CAE,TPA,2
CEU,AUS,1
VTZ,BLR,48
DJJ,UPG,2
HRK,IST,4
KMG,MLE,1
YRB,YFB,1
SJC,BOM,1
ORD,SUX,3865
QDU,ZRB,1
VNO,BHX,2
MDW,ISP,10
BLR,MCT,108
FLL,SEA,4653
MDT,JAX,18
IAD,MSN,38
DGO,GDL,3
KWI,DOH,2700
FRA,MLE,1
DXB,KBP,35
SNA,DAB,1
SHE,CKG,11
TAK,NRT,15
MRY,SFO,1894
IAH,WAS,14
LUX,LIS,175
WAW,TBS,62
HRB,DLC,3
TYO,MSP,23
FAO,ORY,35
SHA,TPA,1
DPS,SEA,1
ARN,VCE,5
PLS,PAP,10
YPX,YUL,1
BVI,BNE,2
CAN,TYN,27
DEN,PHX,111252
ALG,PHX,1
YHD,YWG,4
CGB,BSB,252
LCA,GVA,1
YEG,YXJ,894
SIN,MAA,2926
CXR,CAN,32
STL,ICT,6218
BWI,JAX,8296
BGA,CUC,43
MBS,ABE,1
PAR,ENC,1
RTM,MAN,146
SEA,ADQ,1
FAR,DUB,1
MRV,VKO,1
MEX,YYC,1
MLH,PMI,4
HKG,DXB,1843
RHE,XPG,2
GRU,CAC,72
MINGA,NRT,1
OAK,MOB,1
CGN,LON,1
CDG,ABZ,1083
BCN,ORK,27
LIS,VCE,132
MAN,DBV,1
TIA,LGW,51
HTY,RUH,2
HFE,KMG,17
NYP,HUD,3
YNT,YNJ,1
SLC,LIH,2
BAH,AMM,144
CFR,BOD,7
BGY,MAD,212
TFS,ORK,4
YYC,YBF,12
GSP,MCI,1
ICN,XIY,286
PQN,COK,1
YYZ,HND,2967
YXS,YLW,637
MEX,HOU,977
GVA,AUS,4
OSL,SSJ,2
SJC,SAT,312
CDG,PEK,1027
MSP,ELP,184
MLI,MCO,1
ALA,GTF,2
DSN,NKG,2
ATL,PDX,34516
NYC,MHT,1
DTW,YMQ,2
MAD,TFS,742
DYU,OVB,1
HKG,SYX,254
BLR,RAJ,1
MUC,DCA,5
DEN,ISN,4489
PVG,WNZ,144
FAO,LHR,11
SAW,ADB,207
MAD,PVG,83
SXF,AMS,981
CGR,GRU,354
YUL,TPA,249
PUJ,IAH,139
PEK,DNH,3
SHV,MCO,1
BES,ORY,1393
IAH,PRG,7
KIX,SFO,4457
BCN,VCE,324
LGW,LIN,1000
BHM,LAX,1
NYC,AMS,3
CDG,LBA,53
HKG,SYD,7837
LAS,BDL,1919
SFO,BOI,14604
CDG,ORN,43
SOU,AMS,2203
BTU,KCH,46
DUS,HER,6
NCE,ARN,216
LOS,PHG,1
DEL,IMF,32
MTT,MEX,2338
CLE,LGA,32421
CUZ,JUL,39
EBL,BGW,14
XLQ,YMY,1
PIE,AUS,1
HYD,AMD,60
IAH,PNS,5599
COS,SFO,1
TER,BOS,67
YIH,XIY,2
TPE,KHN,15
PRG,MAD,442
SCK,LAS,37
MTY,VSA,127
SMF,AMA,1
BSK,ALG,3
HTS,PIT,1
HLN,BOI,2
HEL,ALC,1
ORD,PVD,16631
LPQ,REP,10
BSL,SXF,540
BJC,MAF,1
CLE,MSY,119
LEX,JAX,1
ORY,SAW,47
MCO,SEA,12066
GCM,SFO,1
SYX,PVG,208
CGI,STL,519
TSE,SCO,18
GVA,LAS,2
VVO,NRT,17
ICN,LAX,6373
MXP,CAG,14
BFS,MAN,406
HDN,SFO,12
LCY,HAM,1635
ABJ,NBO,126
RDU,ABQ,31
MSQ,KGD,1
MLH,SXF,13
DAL,RNO,82
BRU,CUN,1
PTY,CUN,478
YUL,CLT,2742
CDG,SKG,18
LHE,MAN,6
MTY,LAP,1
SAW,SKP,8
SJD,YLW,1
DEL,DEN,3
YUL,FSD,2
DUB,SLC,27
BTR,AUS,2
PEK,AVL,1
MCI,LIT,17
HND,ISG,11
DAM,LHR,1
PHX,PSC,2
FCO,VRN,718
SYD,CTU,7
SNA,BWI,67
STN,DUS,2
DUS,ARN,1380
VOZ,SVO,74
DUS,CHF,1
DPS,MEL,265
CDG,ICN,988
EWR,RAK,1
SCL,JFK,1735
SLC,MAD,5
YQT,YAM,1675
HKG,Perth,1
DCA,PIE,1
WIE,FRA,4
CLE,DAB,1
BOS,SHV,1
KMG,CGQ,4
BAH,RUH,622
FRA,BGI,1
CDG,LME,13
YZV,YNA,20
SJU,SBH,82
BHD,EXT,30
MPM,IST,11
NAS,ELH,32
IBZ,LBA,2
YMQ,VRA,1
GRU,PFB,105
CNF,BPS,6
YXL,YAG,91
CAK,SRQ,3
CDG,LTN,593
LEX,DTT,1
EWR,LPB,12
PHX,CEZ,6
ORD,LSE,7904
KIV,WAW,31
JAX,LCK,1
GVA,BGW,1
HND,YYZ,3086
TRO,NTL,160
ARB,DTW,3
ISB,IAD,1
IBZ,TXL,5
FLL,CLT,36692
MAD,VBD,3
BUD,MAN,90
YYZ,IDR,1
DOH,DUR,18
XIY,YTY,3
SLC,MRY,2
LBB,RNO,4
BOI,SLC,35062
KOS,REP,20
AUS,SBD,1
EDI,PMI,1
NDJ,COO,3
PEK,LON,2
TPE,NKG,124
BEY,EBL,41
SKG,GAE,2
TIA,LJU,30
BBI,VTZ,3
VCE,PER,1
ORY,FAO,32
DAY,PIE,4
TSN,BKK,14
BEY,ACC,3
PMR,WLG,67
GPI,LAS,3
GSO,DFW,9071
ROM,JFK,4
LAX,DUB,1308
BMU,LOP,1
SWA,NGB,4
SBN,ATL,14125
NAT,REC,68
SAN,BDL,36
PHX,CVG,1143
BEL,AUS,1
MAH,BRS,1
XXX,XXX,11128
CAN,BKI,21
BLR,MAM,3
NCE,LPL,63
LBA,NUE,1
TRN,LON,1
FRA,LAD,94
CKG,DOH,74
MCT,MAA,53
DAY,CLT,16558
LIH,MCI,1
PTY,IAD,2358
MIA,VCE,2
PER,SAO,1
JAN,SAT,1
YEG,YCD,1
YNJ,PEK,65
LEX,DSM,1
ADD,YYZ,55
MOB,GRJ,1
FCO,EZE,188
YER,YTL,2
HAK,KWE,1
KEL,GOT,1
MAD,LIS,7579
SDJ,HIJ,12
HKG,CKG,531
MPM,GRU,7
BOI,TUS,5
CPH,BOS,2071
IZA,CGH,35
NJC,DME,8
WMN,SVB,4
PHX,SUN,1
CLO,JFK,13
KIX,DEL,10
PIT,STL,4791
SJO,BOS,49
WIL,RVR,1
VER,TLC,12
LSK,KRS,1
SAT,LIT,1
DUB,LAS,4
GIG,CMN,4
EDI,LAX,2
PMI,BRQ,1
CDG,MED,3
DOH,YUL,595
KIX,LAX,1329
YWG,ORD,5755
AYT,ADB,6
LGA,CVG,27380
GEG,BUR,56
PEK,WAW,77
LGW,LAS,1831
EDI,JFK,1765
TXL,PUJ,1
MSQ,VKO,11
YHU,YHY,1
PNZ,GRU,15
KOK,ARN,7
KNX,UAN,1
OSR,WAW,1
CPH,BEG,20
TUL,STL,6675
HPB,BET,20
GST,ANC,18
RST,ATL,4615
PER,FRA,2
TUS,DCA,15
BCN,PRG,596
YBZ,YEG,3
Bush ,JAN,2
MLA,BCN,51
KMI,FUK,27
LGW,MIL,1
CMH,ABE,5
CNS,MNE,1
DUS,MIL,7
CGO,XMN,9
WLG,NPE,196
ICN,DXB,683
MXP,BCN,2379
JFK,ORY,2680
NYC,PIT,4
LGW,KRK,231
SEA,TPE,3093
MXP,BRI,109
DEB,MUC,44
BET,MEK,1
LED,WAW,95
PVG,JMU,4
HMA,VKO,1
OSL,WAW,49
DUB,NYC,3
SLC,JLN,1
SLC,MLI,1
PNQ,BOM,2075
PRN,FRA,214
GZO,MUA,12
BGI,SVD,242
EZE,MDQ,5
LCY,AMS,21994
SAT,SDF,2
DOU,VCP,11
CTU,LHW,16
MSP,LPI,2
HNL,BNE,193
IAG,PIE,2
MLA,BRU,226
CUN,REX,2
HAM,BRN,67
LCA,BUD,1
LGB,TTN,2
WUH,NGO,4
GUA,YTS,2
SEA,SDF,21
CMH,BWI,14137
KUL,LGK,203
GLA,SXF,93
PHL,AUS,7323
ATL,BOS,118167
LIS,DUB,1105
ORD,TPA,36031
DUS,JFK,3135
QQP,XRE,3
PUY,FRA,6
SNN,ALC,2
SAF,ACT,1
DXB,ZRH,3804
YUX,YGT,13
YYZ,PRG,175
STN,RYG,35
SJC,LIH,218
EWR,DTT,1
CLE,CLT,34033
EWR,CTS,1
IAD,OAK,15
ORY,LIS,1699
FOC,TAO,10
MCO,BUF,2888
KEF,JFK,1837
PQS,MOU,32
MWZ,BKZ,11
LGW,AMS,8667
BOD,NCE,159
SSJ,MQN,1
GSO,AVL,4
XMN,TNA,28
CTA,MXP,144
HOU,TUL,8697
DUD,DCA,1
OKA,SDJ,6
NRT,AMS,1181
ZRG,XYG,1
PEK,NKG,1427
SLC,GCC,820
PHX,CEU,1
MSQ,AMS,245
LIT,AUS,38
PRG,IST,307
BLR,KUL,1328
MNL,PPS,607
CHI,BNA,1
OMA,TUL,1
ZTY,ZTF,1
JAN,DTW,1
NRT,BKK,10370
GET,PER,1955
BPN,SUB,3
TYS,BOS,3
SZG,EIN,2
BRE,LCY,72
LAS,MOT,2
BOS,STM,4
SAT,PHL,395
TSF,HHN,10
REC,GIG,543
TAO,SHA,2436
PAR,MSP,17
LIM,MCO,162
GCI,DNR,2
AMS,MNL,179
TFS,AMS,74
TRS,JFK,2
DBV,HAM,1
CTA,CGN,1
NKG,FRA,52
SVO,WUH,2
ACC  ,ROB  ,1
PHL,HOU,193
TNA,XIY,20
VCP,JOI,152
GVA,OTP,83
ALS,ABQ,9
CDG,HAV,77
KUL,MYY,218
XHK,YJB,2
IXC,HYD,17
JED,MXP,21
IAH,VCT,39
TYO,NRT,1
GUM,HNL,3252
ATH,CFU,77
CGP,DXB,15
COS,MKE,10
LPB,LIM,424
SAV,ILM,1
BZN,BOI,2
CHI,CAE,1
SMF,PDX,21761
POS,MIA,5275
TUS,SEA,2343
LHR,DUF,1
CRI,NAS,1
IND,SJC,78
YCU,PVG,5
LTN,GDN,140
RDU,PRG,1
MAF,AMA,2
GOI,PHX,1
PAR,DUS,4
ADD,DKR,42
OMA,GRR,4
LRD,DFW,7846
SEA,MLI,1
OTP,IAS,539
HFA,IAH,1
NAS,GGT,39
WEF,NGB,2
AMS,GIG,378
TFS,STR,2
SOF,BHX,14
PTY,MGA,1151
PHX,FRU,3
SVO,GOJ,319
OLB,BTS,1
MDT,AUS,4
AKL,BNE,3456
FDH,IST,1
DME,GVA,203
LIL,MXP,10
ILO,MNL,709
MSP,GEG,15609
MKK,LUP,1
GND,TPA,2
YYC,YMM,11853
PMI,ORK,1
ORF,SFO,1
MSP,BWD,2
TUS,OKC,8
APA,FMN,18
JFK,ATL,29134
FSG,SJU,1051
HKT,SYD,33
YBE,YXE,2
SAO,LHR,2
CGK,PDG,46
BAL,EWR,1
LHR,MIA,16036
CTU,PEK,1779
VVI,TJA,8
DKR,LFW,128
NRT,HYD,2
GPS,UIO,154
HFE,BKK,2
GOA,OLB,2
ZLO,MEX,637
PDX,PSC,1148
ICN,CGO,58
MLA,JFK,1
SHA,LHW,3
CKG,HRB,8
PVR,BJX,8
ZNZ,DAR,140
SXB,BOD,241
BIO,MAN,34
SJU,MAZ,211
DLC,TPE,62
